age,income,credit_score,employment_years,gender,loan_approved
22,65053.29845916008,719.3166917593628,3.247041865222393,1,0
26,60154.49581009307,608.9124019035374,9.648022780313179,0,0
48,20897.55611327044,623.5860546136533,24.795588878368925,1,1
49,40955.67051389842,700.2098506811143,23.02992244132123,1,1
46,49062.56828902507,610.4512662277547,24.024511802735127,1,1
45,52305.639996471444,679.6248662119913,21.1886488642838,1,1
32,43852.98602848024,673.2039683415231,9.049052960413722,1,0
25,38044.95794626727,659.9236101272755,5.8311210991758555,0,1
54,80072.24336773138,570.5922532105458,32.848610857791485,1,1
57,53386.61302211638,736.0841957165355,33.511477323353944,1,1
35,44574.3450977539,805.447865760818,15.765502358783586,1,1
56,49382.45784631175,650.6179696787176,37.00061703522737,0,0
35,58056.36249591716,576.7551588640738,12.988827541866124,0,0
43,55774.39565066812,652.0371895827516,22.41374956275418,1,1
26,51914.0861375804,719.29020984102,6.561505649230924,1,1
41,45249.7499699432,606.9368626999075,21.27830939295019,1,0
43,45068.03731798602,640.9770571117267,22.1218422608966,1,1
36,46032.874202719606,673.8457895488499,19.29775835467589,1,1
35,60082.219012161055,734.2133496544147,15.748042439045557,1,1
45,40087.298613973195,704.2796613162562,22.647962950506802,1,1
56,60899.03835205333,707.1807578672583,33.66599279690328,1,0
31,76194.92133440245,620.1612010326502,8.32574094958998,1,1
35,59885.610367197994,678.1343268621746,15.896362841683434,1,0
24,49456.21706624294,599.462567101241,1.1317573199942803,1,0
41,35528.09672418055,709.1868269919648,18.72530273239158,1,1
33,78671.60211867272,730.585374854993,15.174067164347438,1,1
42,37449.735241016315,688.7354498140836,21.574895886202167,1,1
39,67728.43051713622,624.2812589243629,21.595597881363563,1,0
54,64577.76790891728,635.7391010370882,35.394179620057024,1,1
34,51448.4709555391,776.4561347463407,9.46998451278981,1,1
24,51055.31794328983,625.4502688763553,2.693600825277896,1,1
47,27464.33088938469,723.4995917215398,28.969847119905626,1,0
49,59950.97501218932,673.7224118752965,24.333471804546964,1,1
48,59298.89498593708,626.610448607811,28.259132461076028,0,0
55,33663.79825778293,555.8745680771402,33.88229057890377,0,1
28,47662.67788506346,664.8120266411955,1.7356337736328387,0,0
36,55567.928725134254,656.3770606624286,15.358977913556801,1,0
56,63768.58941924352,776.4574270021534,32.4875959516204,1,0
50,55057.04614184781,589.7865113204251,25.497044653650722,1,1
38,30605.209690576237,810.6338014083449,17.0274220274679,1,1
22,47050.93345806266,676.5167370647615,0.0,1,1
33,58369.386780835295,676.448045485551,9.977129122245353,1,1
24,67622.92513059638,608.4849505897439,10.653522757507943,1,1
46,40735.4508590863,672.0294415288128,26.95066718022083,0,1
45,87814.74811825028,683.1135649763249,21.35572528149794,1,1
50,26582.90396744553,715.6129104274614,33.21249782030119,1,1
31,46544.49737413148,581.517445468564,7.0238693176685985,1,1
27,53754.495947608404,748.4746599051628,4.338914540593583,1,0
51,51988.76254670704,675.2990866640386,26.553445770212136,1,1
30,36517.86505277751,692.5760226715119,9.768239635998063,1,1
59,56717.92621627691,634.5340416946667,42.10588886629139,0,1
33,60566.41076970883,585.0300153204664,9.002981302320432,1,0
51,50719.4216897232,655.0907239182301,23.818670887772733,0,0
27,54977.657948877735,663.1106884876253,9.272900023558257,0,1
56,48643.353828279534,553.0200212319857,39.66140150326304,1,1
40,25739.555748371484,705.5299783615587,13.014758600755801,0,1
24,44250.40194921633,719.7567243727607,4.380163024339333,1,0
27,57355.818721141615,598.9234763325211,6.679516056345865,1,0
21,57441.16622269594,578.4190254809536,0.0,1,0
33,55620.68578878772,628.7927036187989,7.816932999992301,1,1
42,63230.624019775474,651.672656789041,23.975251036339667,1,1
41,46282.809318249754,631.5080293059266,20.537211594371584,1,1
42,50400.21585665804,645.7357517060452,21.763279372280163,0,1
48,63581.39167607382,665.5034388373141,25.134691941500396,1,0
29,53726.6527224647,554.2211742892059,5.594272386650127,1,1
46,36350.14107390852,562.2693060887715,17.63507937617816,1,1
29,40577.67445516694,459.4405581353799,7.315915910645362,1,1
35,62462.7848641905,715.978165991743,18.316479138362666,0,1
30,75887.08244413859,651.0658914432214,6.329236739854039,1,0
44,67629.24661736074,723.349579202561,18.43275591719978,0,0
28,58482.33924613053,570.3583402932026,8.306993699371006,1,1
44,36953.01096974961,651.7085137673214,24.860239995339008,1,1
36,54904.72664840697,665.0378554281621,13.242282117956472,1,1
46,73433.82697925632,610.6752253618989,23.953706605901075,0,1
47,64277.32570684713,541.2600541073245,26.791709351656277,1,1
57,51887.83715974191,772.210993529461,35.53335159411202,1,1
24,64429.37849261824,747.9498338889035,6.000388007261945,1,0
44,35959.07190076593,623.2647409792245,30.311727727772656,1,1
39,44564.929332276966,685.7159351618725,12.872509334428631,1,0
56,38737.12913466513,616.0646526550174,38.68926539167394,1,1
59,57043.57727522649,580.3217477882677,38.31577910307,0,0
30,65711.55249580138,777.908305346991,13.164602816562484,1,0
45,52692.6095920245,534.1241783015939,26.173063533797038,1,1
38,41906.05484890651,630.0147412120219,17.183469379807136,1,1
39,54703.76359698059,655.9026679069564,20.280068827323102,1,1
56,47701.30163989289,765.5865605081101,33.81753268644561,1,1
30,43057.43942959383,712.7612057965213,6.6770957336854355,1,0
53,60084.9052796387,532.9425157802877,34.43258934679505,1,1
25,38630.116662219894,649.8074831276073,1.4670146536314874,0,0
55,31504.754005538613,651.4742138855052,35.9271177749247,1,0
54,34838.28294455219,634.016316529039,33.092242749262496,1,0
53,30951.092997760756,693.386637527121,25.01167504663227,1,1
41,58712.67874864307,551.3625150570816,18.276852648611182,1,0
37,57256.08157264246,621.3954861224331,17.004514585073863,1,1
42,56507.80141762243,683.5173123749153,19.781998008274524,1,1
57,63815.974787199135,697.5702979612449,28.359803664713446,1,1
35,72879.38284175674,660.4593631456438,17.96225038347848,1,1
55,46116.00203762327,629.8125459789791,34.50812515381483,1,1
48,61097.16215857627,641.6041108461469,28.331217873809415,1,1
27,31305.76738891185,701.8284985664066,4.580171543465268,1,1
52,75680.64619395026,652.3730548887822,32.59446906443998,1,1
31,36327.53142672764,577.070671819163,15.504460433760109,1,0
30,44348.783214393436,563.6551691238568,6.794781049117926,1,0
29,46034.35729400361,545.7253804994723,13.001038116071213,1,0
34,27105.93504916682,751.8906572942548,14.19569219767602,0,1
33,55488.63366112843,706.5223284928711,9.39170175588941,1,1
45,58208.558023022226,642.5458481773617,30.637171912773027,1,0
22,52158.794935276754,618.2345260385141,2.1749207196667975,1,1
55,31896.28551953385,609.824899442285,36.02943600631912,1,1
27,84750.79352277567,726.5265975307547,5.1919436858197265,1,1
41,63238.46194752472,783.3103455722319,17.61102006401145,1,0
38,94513.33065474938,607.6224953250722,17.503439734027367,1,1
23,37923.36140170561,729.6890864458996,6.744391170449985,0,1
59,64368.23342265465,651.9609040751222,37.071020563442936,0,1
31,66689.10831091244,635.1299749062673,9.919746263277585,1,1
59,45641.37345353956,755.2949997980946,42.36898541593875,0,0
44,71165.76351588836,649.2883995480056,22.09901946258728,0,0
39,48918.84988579332,670.7455107478245,19.53082893350736,1,1
24,44586.628708630895,667.3791753038012,5.632051520219092,0,0
46,2928.551620924256,536.2080443338384,24.40965715336905,1,1
58,56135.42080613956,670.1887804101243,37.92951277959977,0,1
52,30117.351324763902,610.6115582891837,32.98330833304352,0,0
59,46739.18206456733,550.5192801898065,36.79725441936762,1,1
56,39606.70541882459,613.8004043685867,37.44729549496998,1,0
57,49506.52691022608,613.2227791254138,34.35904174963368,1,1
53,61658.203453261536,722.0917777391231,29.974737263118527,1,1
56,50167.12344573136,575.5347268728577,30.418876817538628,0,1
23,60644.61935758711,594.7106792665522,0.48961296829682466,0,0
29,73984.44303378447,666.4771782383609,5.553491894389337,1,1
28,49468.06094983247,557.1944360052026,5.797378131235077,1,1
53,47821.491369758296,603.8695269237367,33.83597789574347,1,1
26,69365.91480493014,533.4866285266744,0.0,1,0
59,70555.70933109894,714.4008022003777,32.075987316238674,1,1
24,66108.86302154571,628.904581569187,0.7527623500461522,1,1
33,35717.31789890976,648.885750849843,13.383691480759971,0,1
22,61339.82598252405,714.1207223853763,1.8665948410590592,1,1
25,56642.05906070933,599.4411781442279,1.7048130012672225,1,0
47,70787.93412024494,628.1609093946397,29.508224696469384,1,1
52,46406.91865693377,576.0570400485981,29.02477019464498,1,1
41,25000.845632751258,575.9047395302931,21.38736195838138,0,1
28,60353.552005704085,585.5591974195885,5.911641017397484,0,1
58,16624.474251143467,615.5256726416434,34.39367094701903,1,1
28,44027.29894155505,623.0643126078854,5.18479963565578,1,1
23,39652.06733022558,670.2042505628866,4.202001154440675,1,1
23,39550.979936413794,587.6148136370671,3.083075435428266,1,1
42,43764.52793567357,672.3742873142234,23.904307991329627,1,1
26,73260.60354627445,683.9500904066259,6.082958247611245,1,1
22,67308.3312850956,617.2524472017413,0.0,1,0
43,51224.039770112424,593.6692799307133,28.34324450292638,1,1
22,72004.35207788573,655.9555322385993,2.125507042175407,1,1
58,34065.54267250439,635.7957775892688,38.54401466316469,0,1
37,37025.74921379263,665.4246280491482,14.869486961510319,1,1
55,67953.94988869886,759.8906505381976,37.339534879902125,1,1
54,63694.6484398397,654.8045933899401,29.720677318199634,1,1
43,43096.04897625015,605.2538607103908,23.82948723299048,0,1
50,37968.08659452804,587.637727164056,22.76110015325888,1,0
28,76895.9781255691,590.3458858074891,9.03162556405055,1,1
42,29198.461735782726,547.6063585022216,17.761348765081713,1,0
56,46023.610969846595,715.2920525841905,35.83098356128138,1,1
25,58428.64791276846,493.6704826450965,8.072021400238523,1,0
33,82032.4721264717,684.1673372403513,14.468152123501316,1,1
49,60746.503181098306,589.2355265327338,31.673145010352684,1,1
51,62204.56979519948,614.1316349763117,33.362545330943426,1,1
36,46459.24449777809,587.1408650918928,13.427151771270363,1,0
50,63527.203379118975,751.2105261749422,30.794990521423564,1,1
36,51579.6398131863,651.1420921180044,9.82524931217457,0,0
32,31173.03189373663,705.3264967529997,8.939190746167247,1,0
37,66894.0228023966,741.0368801017204,20.177964664852155,1,1
36,69555.90084770277,661.4383831815683,13.844889592721337,1,1
32,67050.47573231744,566.3063360401352,5.395994339987769,1,1
28,55499.91888498703,634.5550074918959,13.041096751994072,1,1
40,40657.34675275529,598.0426390503658,20.68675084950916,1,1
23,20362.244030727015,614.7547086678891,4.293434660917371,1,1
36,57355.80408102176,643.3763345145497,12.058591395234307,1,1
50,71229.13089611274,640.6091050535415,29.85216971158961,1,1
43,69932.98703624621,678.84764127142,22.772724912667584,1,0
48,67241.09265090773,689.0113005646341,24.535545430128973,1,1
25,53886.835321759136,640.609837661348,3.4905409434305246,1,1
40,66311.96261047246,678.2428242675542,14.498596861650947,0,1
21,68862.42735783855,611.544810154519,0.0,1,0
50,48660.496589176626,742.0345877917553,31.921538771779456,1,1
41,65148.97024923771,610.4142098247647,17.759455223023746,1,1
40,41960.61281886062,733.8030539235699,24.72189350927966,0,0
26,58100.363474253834,546.6753035759795,0.6917254623948299,0,0
42,35513.250335483994,623.3714919812408,20.219473950613217,1,0
38,36666.82286990617,626.8315278470476,15.030710109157624,1,0
28,65873.10570415862,669.5294256323932,6.459457505881392,0,1
59,69063.40183307148,710.3271762253177,42.114424346422766,1,1
52,64504.17310863747,562.5423357858331,28.04663351060771,1,0
53,56319.53231579246,572.4411870569965,30.64618840721141,1,0
36,19130.883534637775,551.8664352598634,16.963517258169418,1,0
32,48876.86092690266,742.4128938038892,11.279476339752957,0,1
58,56812.74750784757,670.8323459957986,37.52552484792701,0,1
54,46979.00128660613,574.0940154080014,30.104170981201328,1,0
34,44312.58710787643,618.983358823075,12.785249585192508,1,1
56,76666.30582230538,732.7232976963046,38.39473535461857,1,1
53,54095.665129125824,630.5316538782133,27.171437050757064,1,0
43,56821.927544635706,626.3968303546179,19.90807254790292,0,1
22,61611.971924290476,595.3092305223859,0.0,0,1
41,39978.443852423836,578.2505380326866,21.610927090831222,1,1
22,57898.11134071291,732.8326667310209,4.676411635943408,1,0
47,74794.6674171595,767.1731112119442,25.449770038123873,1,1
29,82288.34774949582,581.0363918048856,4.9834399564541085,1,0
21,50599.045958220355,748.3459630452684,0.0,0,0
31,51430.84678979388,615.8827408596926,9.108828376381773,1,1
23,59035.361022063,687.3553596758221,1.0973838638254247,1,1
43,58654.555705412815,748.7149663370086,24.73549533554011,1,1
46,75801.3709919673,639.8446383007457,22.99337189667096,1,1
24,40054.124662493996,627.0440655812848,4.305235014557579,1,0
38,50801.90370750968,706.075667465173,16.083589912256393,1,0
26,38242.88009685234,572.3033014074625,2.765729134280488,1,0
55,39818.576713036346,730.2942964488301,33.008871809977066,1,1
42,60648.610227086865,659.9966574709808,22.00961514561294,1,1
35,67147.8676245554,609.5574644292076,16.744800169645107,1,0
42,45259.12459384382,607.7082677678902,20.24408043852453,1,1
57,66581.42183462935,553.1576241720144,32.388185607606694,1,1
32,71673.67985697952,612.4679483363208,13.999144409796322,1,1
58,84020.58997650085,631.5173566603919,34.30549185054366,1,1
38,56046.20273261573,575.7094527801962,17.782469503032598,1,1
55,40403.532088338005,646.8174516709697,33.925501996888734,0,1
50,39962.92102591158,683.1041959167846,28.524289722961342,1,1
44,38473.1020312016,635.0569504800407,21.53907109943598,1,0
50,73746.7105210541,696.3908078563487,30.86044634124639,1,1
34,32273.569855665242,593.5002011914464,2.2538121775374673,1,0
26,73266.227284768,720.2367934953958,8.409411525101113,1,1
23,41973.38456121777,658.52702940424,0.0,1,1
36,39721.90703210892,758.1680018828321,16.223870729251942,0,0
27,52726.6681748503,818.9952118567113,7.065076853804786,1,1
34,39445.18175650233,617.0829485387703,16.824932146062455,0,0
29,68979.69632439362,619.9655286168979,8.593247406614207,1,1
35,82200.15927974164,632.7630514635898,11.512672458097864,1,1
41,45138.517636702934,691.6991575122861,15.185735036267094,1,1
55,48516.4324125306,742.8178979332563,32.953590535381075,1,0
22,52550.18789074152,604.3034061081138,0.0,1,1
47,63115.851452389565,676.6870986534651,24.114542881067734,1,1
22,52697.735815662156,640.4850897100963,0.12210813900938422,1,1
55,75808.86116578893,693.2676371778412,31.930252065913226,1,1
38,72199.35874842892,755.6620385385384,17.125320972094737,1,1
34,37218.0646960735,633.177023379689,12.291687967242376,1,1
40,62814.52248362243,533.1092633328389,18.016940376013654,1,0
38,72805.08855964255,702.0731173816205,9.727548148888083,0,1
30,42578.28581349675,591.7106346976183,5.115884457943352,0,0
45,45586.02692309665,639.9818984125355,25.927970195564626,0,0
22,47079.44503220567,705.092158581013,3.4127688188423333,1,0
45,47393.865767147414,670.8176397471775,18.483669846063012,1,1
53,24973.226721334282,642.8795982112869,29.555845456297604,0,0
56,35075.27572802424,609.6882801279176,38.21589610279738,1,1
51,51162.105781058446,447.00743538075005,27.845883559784554,0,0
34,72703.96961979168,698.8824571029342,12.665527638624663,0,1
21,40799.587812225756,632.2933810541965,4.325415987047723,0,0
36,45358.64045577163,755.9335394849008,13.915268065669819,1,1
23,80522.81605631101,677.8619620973309,0.48584176943865254,1,1
55,33376.13807276019,612.1212239225611,33.528889928222114,0,1
26,30081.352559403673,724.6809061863228,10.560232393699485,1,1
45,42572.268457937505,730.5790584170733,25.33860550886844,1,0
33,45058.23281808451,634.6677729953266,12.057244883339303,1,1
54,23788.20372957402,733.5551405901259,31.42692013295525,0,0
28,53079.37440588083,611.1284361229767,8.61645078454337,1,1
41,69226.69524792302,661.1753438585532,21.979099309792396,1,1
54,35710.67839427761,689.9985871403146,29.78046447157359,1,1
24,56313.67328430383,704.9347108809933,5.059884575838479,1,1
45,55939.035134401594,693.5065294031123,23.546543140129707,0,1
35,53749.235870885605,626.7139973605779,14.07439590388582,1,1
24,57785.38884611589,726.5588348484009,0.34713299103504536,1,1
32,52959.908938928165,641.2900873825507,9.80005391651327,0,1
52,42809.08064622352,610.1680846407364,27.909573204331515,1,1
52,77478.73858017802,611.1963422880668,27.765345489651096,1,1
48,73716.35251114322,785.7991874033435,28.13127066128034,1,1
33,72848.67095861751,598.0611600335639,10.934650303670676,1,1
51,70205.13610815795,740.4144658732313,26.101086990412753,1,0
34,26375.30795850464,570.5173312932881,19.53115794246513,0,0
40,63890.935667179496,684.1533811551931,15.62603488205219,0,1
38,59834.02141324262,670.7958416043584,20.276308883058,0,1
49,26952.14577584325,763.4858815808359,23.570609075134595,0,0
26,51776.344672748826,604.1918673382039,6.369507005503387,1,0
52,59151.90173987932,584.8535047427729,30.248318894143928,1,1
49,79964.75647186954,641.8442735157113,26.112829805924786,1,1
22,65870.85786841388,766.5361280468317,1.5902269712971182,1,1
43,42031.514090825476,588.1089064039362,22.186779568987998,1,1
39,80430.82687677945,468.810835745706,15.562604448953865,1,0
51,50656.696440708336,654.1837486161298,27.426783357639,0,1
25,51162.382946453625,716.4666042572707,0.0,1,1
39,50093.227051167814,579.0335847152096,18.916693153071154,1,0
54,30646.671429653,709.3552521347285,29.238585518699974,1,0
30,53353.45744275786,577.486231049128,9.011924869551548,1,1
45,62462.27885958487,639.7409025015825,25.77743395236215,1,1
22,49219.25008712176,702.6877620700241,1.6241650954721627,1,1
31,61306.78715871338,566.8774218783093,7.830606105948226,1,0
51,42034.13393628729,662.7059332055288,32.726437234049904,1,0
35,52886.0812858357,735.0481457904566,12.776085565696242,1,1
29,59748.10489912948,683.1753869447946,3.9975177229850267,1,0
43,57844.91315595131,599.5561759686462,21.148817486640166,1,0
39,25918.023654214307,756.3102846901755,19.760392133954177,0,1
29,48414.910736931575,696.0874758345743,5.976757056769619,1,1
55,80161.9439546891,519.7686400052985,36.63454724491091,1,1
41,47613.308885042235,710.4970530313958,17.68902180434705,1,1
29,55237.11316167759,610.0038023307907,6.097360418943418,1,1
48,53698.663741765835,663.7594483349725,23.86176295244024,1,0
27,78523.59638379476,720.5602803005281,8.051128610724088,1,1
36,74355.52183292006,611.5276790734616,14.840272289732393,1,1
36,67112.96499728214,534.808517017073,12.060714156768077,1,1
53,40401.36529941199,755.388163433408,30.81136897315669,1,1
24,60387.745737881196,731.5208429841364,0.0,1,1
24,63519.126146126975,643.8920790771938,5.333917090399931,1,1
59,44520.927466059184,709.739501604448,37.48776008150508,1,1
37,36942.24341228467,624.1429287555421,8.78128554697031,0,0
57,80575.21220810545,656.7879123732595,31.629955676027755,1,1
59,50487.950316746064,639.8998440154282,36.73521781232719,1,1
49,79224.65228366722,626.9739140249889,24.05748772268549,1,0
56,69956.406332418,675.1511806060029,37.380047971058175,1,1
58,61118.15173562982,565.4274823448088,38.25571865797346,1,1
59,61787.97154539227,632.3893418464095,39.07860783055361,1,1
57,33993.706595038486,672.0135630738383,28.186959194355886,1,1
55,53101.621697516246,778.6670495573145,32.423624757379315,0,1
27,71255.3061947244,568.2726049281113,3.9071506481728306,0,0
47,65220.09254778414,686.4387140412699,23.137836637686238,1,1
48,57315.05030596616,694.1104143499502,25.754474156508863,1,1
42,80679.05793725545,518.6296888522085,17.62128537874181,1,1
34,52224.38916008794,678.7372410086476,13.645662198850655,1,1
27,45706.66487467474,711.6199555288647,8.299654063013314,1,1
57,57307.47874117386,691.2056875567704,38.041151215271015,1,1
42,66497.01052167395,644.1250921589127,20.58626624486556,1,1
25,29233.088562876088,673.32680255657,9.997719089000508,1,1
22,59273.02965235626,661.8891288074321,4.419925343501529,1,1
47,62155.175233044654,531.7379863179364,25.695325388982344,0,0
41,50955.375620547085,663.5324227328126,18.55318336939545,1,1
58,71604.47149453963,624.305071581283,41.01408148834576,1,1
35,64617.79993616605,600.6624480301411,17.0227420482882,1,0
41,87120.74677766615,823.9478967510659,15.768718388527311,1,1
30,43740.956536281774,737.683100373369,12.257463957686237,1,1
43,67460.64775744134,569.4879557779929,21.536879395828212,1,1
59,39740.14138303893,674.2645337596088,35.417265408219926,1,1
25,30769.50323084911,752.0617692895028,0.0,1,1
21,24467.037357731908,545.2660592146799,0.0,1,0
33,63074.8603359539,655.3888198985007,11.963317244340224,1,1
41,57763.71870916154,658.6850908003645,24.761982962330652,1,1
46,42814.234139573695,560.7854982250684,27.87170142324606,0,1
41,28397.434990755803,676.5685213228561,18.251339835871896,1,1
38,44644.200607919855,728.1372473362687,18.16802718265921,1,0
57,55061.39511513185,755.5633313993408,38.47874826801847,1,1
52,66897.54050189647,632.5445128861838,31.257872164051648,1,1
56,54751.96374628561,825.1151524594579,33.23853752290639,1,1
37,58780.90514057917,505.94232726222714,14.403482631269663,1,1
55,49358.014285387966,674.9351696870124,35.15641921137086,1,1
31,81238.36303790731,551.1393976049101,11.238941696575141,1,1
41,39726.25533507658,656.3127846247829,19.121136152709365,1,1
46,44511.42674072309,613.466527492648,17.142543384839982,1,1
24,47614.6288900973,685.4814219473393,0.0,1,0
54,63140.56596965086,641.1183500128463,34.859066764836335,1,1
38,39417.10315319679,592.1811075381438,10.607486007932373,1,0
55,57035.77885821998,596.7796336705214,37.552543049101644,1,1
49,52473.65215139836,785.2721648214687,31.10847178341551,0,0
49,44584.6304389993,681.0466616923691,28.123289145799617,1,1
58,59949.69191435285,530.8509905423128,38.793793102685825,1,1
41,39882.79151893853,688.5551414581735,21.586324035076657,1,0
33,38243.8878630738,636.3726336349401,11.64938061490136,1,1
37,56494.08634782161,650.3220760967997,11.878332647234291,1,1
29,30103.666217829057,707.3921707787258,10.901818925185058,1,1
21,17827.95946174643,732.8259021598992,4.221690034150905,0,0
22,62992.499511952,589.8831090455518,0.0,1,1
49,70734.54913886756,647.9180842091231,23.7662349844909,1,1
53,47997.95321961206,611.7722298083002,31.589609285727978,1,1
30,44978.94021853344,691.7803526751984,7.121326213090651,1,0
41,70083.0283896184,633.7386854384681,20.43484772061638,1,0
48,32816.9267300162,652.0476035791313,30.62398211958116,0,1
31,34549.410629182625,631.0806267292885,3.2629886851825134,1,1
54,60614.54635562732,642.5716339101467,37.743815854857466,0,0
28,50135.57279768461,769.3255704149694,5.77999467436924,0,1
42,70973.15108935357,817.3536315337407,22.535336935951484,1,1
28,22896.011818330313,676.3964465619733,8.856177514313398,1,1
35,33989.890133221554,643.0021154128168,16.20602346259339,1,1
37,55214.980897662346,538.3054267377222,16.18572431208999,1,1
43,61265.1054772568,596.7707260132039,22.886681805360237,1,1
44,67704.95631534187,641.1284774949866,23.86706615181621,1,0
39,57622.26653213167,599.9455745553802,16.109151597661658,1,1
25,57469.82733037853,607.3069465989654,0.0,1,1
52,44158.97685454702,760.2772631839316,27.342442516704416,0,0
21,78863.57357356776,652.0153569616937,0.0,1,1
43,33454.648167942534,658.2748393981356,19.639580029310846,0,1
57,60385.30228833908,602.8066607763242,33.646511782831396,1,1
28,40182.8674811797,732.4281307338711,12.397753137058587,1,0
33,63021.678187075144,635.1194960408002,14.576684389979619,1,1
28,39444.73645918351,613.5395434394401,6.243772102270079,1,1
43,61157.235477506874,539.3474427883391,24.016104836966328,0,0
21,56681.57420236776,645.7228660374044,0.0,1,1
44,76169.58759888023,611.3559398755818,23.33217030255949,0,0
55,50784.70529092621,767.9205822211829,35.324885945256746,1,1
44,61374.49174371318,779.0729084401365,21.747182096684362,1,1
37,43305.155793089354,563.5303653663608,13.944248357388712,1,0
25,45681.60490338058,571.4492733483302,7.671795455405512,0,0
40,51586.24219166529,630.6576255411486,20.84233890159432,0,1
41,32091.70116292939,592.877347322401,13.236167365121847,1,0
51,33735.64098722842,665.2191602980699,27.99559220990517,1,1
56,63997.88949753468,627.1363557640103,32.65618250091682,1,1
31,52808.69767702481,669.6372638388681,8.136585733562807,1,0
35,41106.10200427967,721.1265465152877,16.587206866276684,0,1
39,38945.20729374867,575.5044942765145,18.057617904011074,0,0
27,44522.66806414459,719.6647855734179,1.8311109874333633,1,0
48,56688.26072512343,598.9943309975877,25.85035548912415,1,1
25,61675.53796174285,800.3937994404143,5.625212942848569,1,1
25,23618.391555621638,763.4683176374572,3.341064953398737,1,1
50,71192.51085154837,642.0843764879635,27.065972146509527,0,1
52,75125.5114441299,582.5491588828971,31.993657836215586,1,1
28,15040.17854679651,569.1593814227792,11.854577468317231,0,0
30,71288.90044484196,711.1539951452171,10.384274498875556,1,1
58,65828.28276996563,647.871806342865,40.90282453909509,0,0
52,55006.68241281318,714.8806820026371,29.26715734640529,1,1
48,35542.47067172686,804.2960278506948,26.974913666627817,1,0
37,65228.42137497608,596.0731942898714,15.914344046392953,0,1
51,51381.53400553973,563.8903229369339,30.356037252203073,1,1
28,63233.18265728434,663.4792164172839,8.321558819142748,1,1
45,83288.01907942668,730.1331728016607,21.243092636835666,0,0
29,53777.55125935428,584.167779714997,9.941998056540436,0,0
22,41246.72962422157,652.4237317131473,0.0,1,0
35,49964.03507620418,745.9030562819693,9.992730012479955,1,0
23,43158.31959638518,535.698551305674,8.406878303519692,1,0
56,61502.34576172784,666.4722573007369,33.46963778156337,1,0
24,42908.986618752926,612.192783448085,5.188558052958607,1,1
34,47907.228664755356,658.6909613679912,18.09487117728087,1,0
45,35733.54438388601,699.6849003408581,17.056631763664573,1,0
30,53018.694917212844,665.4565955521664,12.378738540467129,1,1
41,57651.32189953075,579.2844318521702,21.946830818777812,1,1
56,14728.179293237612,614.9127703236564,39.92119184279912,1,1
32,58893.60342220331,749.8615086227127,7.455430515006118,1,0
47,54314.49653354831,673.0253025746869,30.353763970863838,1,1
22,43525.12076865809,708.8223389309394,0.0,1,1
33,85429.4338640481,667.5206717128129,15.164333442829971,1,1
52,64377.14791407132,706.6381247769344,30.89193689273668,0,1
51,38553.96270772898,622.2697737043875,32.312306419305415,1,1
36,67573.5531935671,596.2741847262795,15.146607549915458,1,1
52,73667.47114031587,703.4588401093633,25.481795247439813,1,1
52,56980.313839263355,728.9161807311889,21.63836793116861,1,1
54,60421.63055420988,586.000308244235,33.62974660195047,1,1
31,60075.20000382386,609.683863200339,9.208794887105956,1,1
30,23712.76211615067,638.5741500238365,10.194662854260882,1,0
35,52196.95604724401,763.3877223487854,13.243539602469276,1,0
37,51416.30737023957,689.4194818617782,22.05423214815346,1,1
38,71452.33454839817,557.3139219093879,17.691611383484915,0,1
29,60005.9179534281,643.491204588735,6.659156817252004,1,0
45,50535.835568249575,632.7884870974696,25.0120891990406,1,1
34,53648.12888513483,567.8711310797249,11.713975609356083,1,1
45,65350.78372441101,642.6645658173691,24.27879070234196,0,0
42,52231.230051320264,629.6973792275539,17.347559438292496,1,1
50,44527.06700362587,624.6857233467989,28.974244394421184,1,0
40,45864.467106187,621.4833042832732,17.566442811894476,0,0
41,64110.442157340236,752.9975483844162,16.63179012389396,0,0
52,57442.47358396905,624.540781872964,36.92720760421793,0,1
41,55664.01960023671,653.4769739410185,16.748793890179503,1,0
55,57873.08949167245,645.886470140629,34.020892670325814,1,1
52,46603.862896067774,614.6488204742865,28.591575895153728,1,1
50,52090.7589933602,655.5653312657388,29.891118412639624,1,1
59,45050.43517338224,654.5745417268434,34.17684459659325,1,1
32,50578.310735503845,655.5829568829452,13.521070471806652,1,1
38,70192.67395439938,589.8536800532505,23.108468559076524,0,0
41,38831.92282934215,635.5712844923152,17.48138228869799,1,1
33,44669.23500365627,703.22253127449,15.650906588043963,1,1
41,36185.51705596372,637.4128358033972,18.85436196681293,1,1
28,32936.368642186026,661.324733882088,11.517373363228257,1,0
27,52198.421287070625,661.6925900508448,12.565496958287973,1,0
43,45735.862272988204,679.2176591513742,21.298884964874624,1,0
52,81425.33396188289,689.1055640509668,26.439201757316045,1,1
31,50757.301807333104,637.8094573175546,12.84425316230827,1,1
42,74340.95295145037,586.2065287835533,21.67325162383235,1,1
42,69520.09712410951,564.6899269927587,22.505373503332923,1,1
45,46865.68767163979,721.2380488915451,22.980464874466904,0,0
42,86652.03373128435,703.9175313579747,18.346521544017904,1,0
48,59028.00979697213,695.4555279036268,30.48104454290092,1,1
49,72695.13899005983,706.7842469503871,28.959369983668097,0,1
33,75948.95337371896,638.6910811461878,7.669328897448824,1,1
38,56219.71977657174,606.2586507564115,19.06062566960868,0,1
22,66266.96271708776,581.3714813141373,2.4585057938995014,1,1
49,59361.07122679213,573.7455002390151,27.024103227029308,0,1
41,37836.07852912438,734.8511081985232,24.859439702726966,1,0
35,50859.35531679524,615.4798600972096,12.145480512958207,0,0
47,71113.7085091699,723.8401348447621,25.493040505535475,1,0
51,72892.79476042492,636.9179918733545,32.30594426390459,0,0
35,44190.40492252076,602.6631154230304,14.230288850992165,1,0
43,62932.469527195295,573.39446417149,17.84673053692469,1,1
44,52263.05319916302,608.8291950108575,23.551398118980288,0,0
33,53231.88903127606,749.2767148034403,10.756830624104301,1,1
42,60340.039438375396,574.1052944154131,23.57098873474879,1,1
57,58269.96115999206,798.1722775035755,36.45365503198542,1,1
53,63121.11353308882,591.1574800771249,32.283522959142175,1,0
23,76625.75141425079,702.4964979455872,0.0,1,0
39,66761.91386297051,639.8324094021508,17.309924076257985,1,0
43,54658.86888309054,627.560829223167,24.91030328203796,0,0
49,82969.37585234619,561.0005456012404,25.670390966375887,1,1
50,71648.94393820503,643.1124912074133,28.902349330736858,1,1
59,48614.02342094977,568.9199802543797,35.19066184505297,0,1
45,31743.19396470642,532.2896030162792,20.448472076844993,0,0
57,40182.53978619302,658.3719074752214,35.74542286503194,1,0
28,68998.48672473451,605.5203825214971,7.521403494632015,1,1
36,45545.31281120528,767.9043961287487,20.981588817697784,1,1
28,39879.16784332078,720.0015200564976,5.6336188484613725,1,1
21,43628.72009969201,768.8202526935739,0.0,1,1
25,44689.2353186395,602.3381966844471,0.24977944608722558,1,0
23,67759.71501673377,659.5296418091901,3.836720044720742,1,0
21,52648.86886326586,466.55303282232626,1.1942843380598418,1,0
24,29414.380995508913,630.2738333519293,7.465184033074285,0,0
55,50465.67346643535,656.8948843617277,37.33486645452613,0,1
52,58333.991986723624,660.783365439124,32.05422000652685,1,1
54,47809.947078387224,647.0342112620829,31.589785501233898,1,1
45,72338.2762628905,654.6614800226167,24.61400531367018,1,0
30,43685.91671461573,460.07301560856115,8.666959613604718,0,0
41,71625.06529955726,667.9355285257385,22.86019259971394,1,1
59,63951.74169512464,683.8407924351027,40.4786944698874,1,1
47,63899.08262066611,743.6617781840196,25.110753669035734,0,1
47,33521.73738790408,675.8116641493851,21.614018660519367,0,0
22,51474.652883571536,640.8484053300733,5.000161900661274,0,1
33,54207.57993137847,727.345934556168,13.745621870469614,1,1
29,33669.902126387,484.98660427803645,7.041529788281993,1,1
56,71575.91094704364,613.9536028560999,36.62862004431101,1,1
42,37738.98654638975,596.3933013958901,21.22458391875009,0,0
46,40856.48256746026,647.5834740118082,28.955853778658422,0,1
32,39800.26246603411,496.09150314395845,5.21065930458492,1,0
37,65517.7948910556,742.3744963570603,14.808427100459703,1,0
34,32111.054218411064,632.5133070221028,17.797163546436067,1,0
34,59268.12200696852,672.3157683811254,14.689595210401936,0,1
54,65667.70979365191,665.6163857541926,38.317820004942625,0,0
40,63057.676414386406,738.3742926413865,15.334578720509608,1,1
31,65689.42725769643,519.6634905588166,13.216590147815463,1,0
36,66393.19704367063,657.8624815828869,18.036673270361497,1,1
51,35758.63509911354,730.2324782493403,24.954814394013496,0,0
26,71521.02469496516,643.1409487295516,4.113493131400748,0,1
39,43098.85618799752,583.4111424803189,17.68041268441775,0,1
57,54004.18573615042,607.727691904095,31.141331913697783,1,1
24,50010.44022473561,622.4940598735517,2.1761930204386832,1,1
24,62373.13181315964,599.5264979333907,5.619549422335818,1,1
40,46929.441352938666,639.3032218052848,17.82723082142578,1,1
30,51003.73586356053,755.5773182229501,9.726399467022079,0,0
44,31469.842742809928,608.1844664123762,23.748110848182957,0,1
55,67469.97812752357,615.8628218004701,33.9635697665837,0,1
46,60061.11418925305,682.184640883522,22.884453927923715,0,0
57,50616.10357147346,637.7625745225287,37.976441924651695,1,1
58,47962.764549612846,556.9570406658582,32.238898715422025,1,1
41,59669.42369476545,645.7168093554685,20.02576441552455,0,1
59,39390.599290460574,643.0775997322152,42.15645902155427,0,1
41,56880.47973647754,718.2974841806707,18.657880250476353,1,1
30,72420.9818114711,581.9493321258137,6.818036335493169,1,0
58,42831.143212942115,718.762363792881,39.176548416326135,1,1
24,55529.012436803045,643.1518431530039,3.4902952817613957,0,1
40,59735.87900403238,572.4440830359503,21.2363418461708,1,1
37,53539.94772005976,558.3855181546149,16.115495457085817,1,1
27,47443.15623844095,785.4071969535971,0.0,1,1
24,73221.95585341577,638.8058784015192,6.539740231277097,1,1
49,46036.470463495505,715.5552881711342,34.210079147434826,1,1
34,27819.4164830557,530.4316423774309,16.85212302050886,1,0
23,64608.00387446551,834.6386421574731,0.0,1,1
44,36980.44975348249,712.527123985699,24.3532646375167,1,1
57,65378.217172826306,632.1191850091353,34.59976256827486,1,1
36,75023.54871765166,628.5683899501144,11.747268739164873,1,0
24,59446.248175980116,701.4218689812097,3.368196484914819,0,0
44,71071.16952831237,697.4027180707533,22.55315811530084,1,1
54,85300.73660394471,662.7770496278207,34.52597341283953,1,1
50,64501.4069391342,650.7615130741561,29.169740567916364,0,0
38,59958.60088938154,689.2746958818142,13.63756367933307,1,1
39,79509.22275285472,528.0807512843876,16.270194669771087,1,1
51,81321.63317269877,624.0107701170023,27.78612433102495,1,1
39,81531.57674889131,534.7195299195008,12.850550469766661,1,0
39,47617.84727205996,692.3214641291753,13.88506606813835,1,1
42,34689.724622523936,602.6930220276677,20.366793990344416,1,0
44,46702.1172484767,539.9895344924576,27.271262225921838,1,0
32,65554.62423689762,594.4349433186721,9.393328760903616,1,1
50,57387.384179981585,660.454934102605,26.72770767574163,1,1
58,51902.785222347295,635.6340132210933,33.456139579981524,1,1
51,63407.22098207403,567.8790408677058,30.09160948498605,1,1
56,32937.92377490099,530.6591978788568,38.537778003830375,1,1
39,57117.53948037312,655.1752950921351,24.008048299225777,1,1
56,66776.86467271816,609.3462325274677,35.85619813016506,0,1
50,63239.73466837343,631.9343503095164,29.419981227909304,1,1
53,65377.147327505925,638.822036875819,30.36958067823937,1,0
38,78960.59184928772,680.1045981022722,15.870300135526966,1,1
48,54007.850726895,709.2862551238939,28.887525273152107,1,0
31,45203.625079744954,660.255644067091,9.055374003810762,1,0
53,67842.72563997563,627.5676215168249,31.51315265849776,0,1
37,67566.80946550891,651.7334476667062,15.923958175748727,0,0
26,63374.375121336954,626.2534122918265,3.2275156672775718,1,1
24,47594.434991263275,535.0212652456815,2.775062222767346,0,0
40,55020.69476511978,726.4362319902702,12.941781613627596,1,1
47,35848.4057180337,713.2407203741462,27.646507649055387,1,1
35,71694.19795310804,789.1833795506418,21.055315516916163,1,1
26,66164.76964293716,809.6349514534326,3.343869154510801,0,1
34,35324.75874299824,567.6785907423068,14.12151143500501,1,0
31,68014.48125859204,626.522005573482,12.554728960738554,1,1
59,61061.52482513513,825.80777178091,41.84064581815238,1,1
29,39670.38834413806,647.1614569092436,7.207035533779462,1,1
46,36909.996983912955,667.0947631782726,19.590048238933843,1,1
36,60602.399041025834,543.5209033813794,15.801695852546288,1,1
25,49034.43829139623,660.5202042103742,4.385886071963281,1,1
30,82299.23275824505,785.2358262331362,7.963000875971992,1,1
23,69288.9759197336,740.063806707247,1.5994636313469779,1,0
33,62105.39705098341,607.301076493702,12.431041335053195,1,1
50,62846.18506003592,622.2578543402109,30.08528597631155,1,1
26,74963.00770550751,570.8369795254016,5.959429130719753,1,1
37,62697.771375910066,590.4185801825206,15.346943021496614,0,0
39,62496.49657744034,516.2851649849471,19.152836504957854,1,1
55,40296.08235553735,644.062622773818,33.144907455175414,1,1
46,100929.20448109327,755.7077475951287,26.92607650460596,1,1
25,38452.2586403765,674.8802346865624,2.117671493570497,1,1
49,50311.85894349753,745.6367292976013,28.219174576448687,1,1
57,30179.075853850038,725.1274580648198,31.128784253648313,1,1
40,63081.97238153893,611.723433729916,17.89026859162856,1,0
41,57266.65655927211,596.8345337015486,21.702466163389936,1,1
30,66479.1465754714,599.5170810203981,5.8987953998757945,1,1
25,28914.015533433492,529.8056636090566,3.0396985709497493,1,1
56,71693.58501071397,652.2631162956902,27.784791350269373,1,1
26,42888.46897795578,446.6874922396039,0.895777674404032,1,1
46,52764.92200954202,691.399085650047,21.680576331658294,1,1
24,68973.56903021596,655.0316655003212,3.305253152314916,1,0
59,58919.000261978494,683.0007906546388,39.000227037178135,1,1
59,59979.13835000296,723.9911398063695,37.83183330217941,1,1
55,66987.68229858098,663.9156211837197,32.852219851337864,1,1
21,61431.85959908087,764.2100216358328,0.0,1,1
44,49883.38146176924,693.5362067666547,25.148137247121483,1,1
56,47502.96307647157,597.0011207228765,35.63845954064916,0,1
26,53178.180179777344,633.3602270497885,3.9981632110839125,0,1
51,41566.65859680498,491.7096281274904,33.87989848572378,1,1
40,69940.12989083005,586.8466691669483,24.849925122988303,1,1
44,54329.80896211226,623.3302515846626,19.262772649298988,0,1
45,56121.64401882953,688.2391526690366,25.567530210631535,1,1
56,72887.44838547206,597.4747280020732,44.269668823059156,1,1
41,53198.29535182945,562.7615190245899,20.840616623150584,1,0
50,52263.68504271375,517.8727667894311,29.346327908492828,1,1
44,47730.568539940534,608.2507736984677,22.83279818031916,1,0
50,60146.005133889026,786.559626165755,30.470544552472223,1,1
42,59626.75162497272,668.9774924427923,23.26469749964965,1,1
48,45005.7369923514,715.7705588648626,23.265699377492453,1,1
27,52334.590343298994,586.9962037135025,5.920549115133514,1,0
55,45105.9659722115,539.8585167928447,27.19150640650777,1,0
48,44426.97319276765,564.5245775138353,26.3720501501355,1,0
34,29051.532524097296,643.2008223589654,10.291934218533783,1,1
30,46536.34619477667,510.410980956452,10.017532737406453,0,0
36,29466.80100879983,579.538670851316,10.030858418576923,1,0
36,48057.764704907335,608.9547519820095,13.463048068622715,1,0
51,45809.580311835874,557.5352285755689,32.89963275156184,1,0
45,70778.42585898406,501.34218878726193,21.97100054566725,1,0
33,39775.97790535537,670.2757588746831,6.285192667746342,1,1
26,43582.204227782866,653.2110011419195,5.772599459386954,1,1
29,49277.13791212641,704.532090734109,6.240413020722092,1,1
56,46297.84522745836,572.270197552329,34.44234369178131,1,1
40,75538.82196132814,703.194592013323,16.810391240612223,1,1
38,37921.489404255706,757.0512936140819,22.92319023344009,1,1
41,49308.93251521237,668.3550312565799,15.32578179243946,1,1
24,59980.978737466095,607.3044593887338,11.500486835682818,1,0
53,68217.7501456301,660.1556454656471,30.828090407745943,1,1
47,44296.376661046954,603.9548827493096,26.550339728654407,0,1
27,26228.50599244311,592.3001509624874,4.2756107471865485,1,0
26,52748.43667621743,697.8282272652328,3.150099320433638,1,1
35,75280.42714271072,640.2664776148961,11.6455102897021,1,0
38,59232.8111114564,734.356695741502,18.803773886130905,1,1
52,58546.26793539899,619.0303907529501,26.76760091911883,1,0
31,39054.73012634505,626.1177793530992,11.092325632728006,1,0
40,37514.92614567003,610.344230333797,12.446521794844573,1,1
44,55270.62472951149,571.5871592918957,23.82058631342529,1,1
35,33604.31616577889,707.0097429031614,16.547427817796574,1,1
27,66720.43333543766,802.9998165229908,2.176442678077892,1,1
41,42300.30626700457,623.2440933003694,22.03622780515623,1,0
46,54630.140789027595,602.3652839427496,25.154156231872964,1,1
34,26713.49621868637,597.8273561405036,17.79527936607352,1,1
57,49092.9719733474,602.4186740679734,33.43438085306673,1,1
41,37212.09179304696,765.4848580368562,28.44795771116819,1,0
38,15170.65373987284,599.7063636168076,9.827653537024286,0,0
25,63127.63134004476,609.0313239377322,3.011488598091623,1,0
23,79617.3930863736,563.175202349432,0.0,1,1
43,71942.1038401592,670.5554141704149,27.553162530549297,1,1
46,65225.36034855707,645.2939306494309,24.21489701855249,1,1
57,48788.18248081682,570.3974856938207,35.48494476789215,1,0
44,67088.3534282174,587.5019281877344,24.329714294255638,1,1
39,73357.79797860591,757.305335937489,17.985584441018137,1,0
45,57052.3274450694,652.2895429388137,22.218715330795995,1,1
41,37234.59741531966,657.1179776813109,16.230058248112854,1,1
32,42509.235521129434,657.3957677518243,11.505540207000287,0,1
53,80540.44732521905,747.6237771747824,33.136500898068434,1,1
24,53878.837477747504,576.8349946375503,5.086131709205188,1,0
27,5128.664201333559,622.2523135876481,11.738180550919566,1,1
42,27966.1480449471,638.1724355336243,14.478693286758023,0,0
53,48633.269452862776,529.5176922297193,31.796848407941887,1,0
37,70537.37857626352,585.8700938393059,19.575213507464284,1,1
44,45903.16471389632,723.2672379096656,22.626432726683408,0,1
54,65816.4748245989,703.2149447431083,25.98548263892019,0,1
48,42107.56469678766,715.5946812571422,23.126881275450238,0,0
59,25535.612166465802,608.7636844228019,38.98570954903196,1,1
42,47626.582621028734,617.4013331916815,21.876591884650022,1,0
37,60174.17502319428,524.8354153473377,18.017559095023064,1,0
54,53929.255240119695,715.2354179621417,30.656973169355446,0,1
26,36173.38376115047,726.7656588136267,5.779649704757893,1,1
26,49732.05697294352,725.8744676574926,2.1624100763110254,1,1
54,95270.11357096111,762.2863877434067,33.77987398093107,1,1
21,36500.967605546844,679.5476015442935,0.1596365913106192,1,1
30,64910.85091695623,758.9817285582685,6.537419939511287,1,1
41,23549.864521453066,635.9667773589485,24.67455089228806,1,0
25,67956.87736854493,526.3092744496115,0.0,1,0
22,41615.119147173304,710.2507274068082,0.5751370509684177,1,0
42,61031.3238730441,523.7277611793913,18.47128330702707,1,0
22,35627.115973476975,661.9141434645355,6.502606107568823,1,1
30,59362.7920026506,716.8726661486979,10.795194022861256,1,1
54,41370.24556387843,672.6981157224637,31.05206887388883,1,0
36,44274.27725550062,809.4770149407593,14.160854132038882,1,1
59,61629.79009592546,512.3849704097115,43.583772121941585,1,0
42,48544.21785404476,644.1997529224859,18.161173104809908,1,1
32,60705.72172324467,651.221882567686,5.7066554833083245,1,1
44,52137.38022034974,555.912802867231,23.873020587391444,1,0
58,56012.40521870912,569.2387046493,37.94092110222346,1,0
30,61676.29707030102,590.840997242138,10.99810372016958,1,1
55,49749.72318113289,573.0246894165516,36.017877282615856,1,0
52,35059.25320997339,642.4403744885292,36.3121169522014,0,1
27,47015.316011053146,607.7924569893488,0.8455875288718921,1,1
41,67927.08769750154,672.2535868866972,16.391590416064002,0,0
40,56742.59626114825,695.4601326342143,20.986610001838564,1,1
46,42326.52319884289,690.7245271803222,21.68312349485668,1,1
24,61023.40912581578,621.2911628370671,0.0,1,1
42,62024.73377408707,669.913294062513,26.597533656855813,1,1
35,62799.986136967156,722.4590241323713,9.140173605007138,1,1
41,40332.441994430716,681.1895206894243,18.946183888668063,1,1
35,44764.135085711576,780.1284386110394,13.821897646305787,1,1
42,39847.56175419482,718.7525290736681,24.927409925889833,0,0
48,44590.281319007125,770.2884950853922,21.393590825152586,0,1
34,58083.787777156016,475.5359810448955,14.246425454518747,0,1
47,59442.772070965206,656.7673284798162,23.328868825219764,1,1
48,60628.25435735744,627.3247249333447,28.882833637777352,1,1
46,70310.28713557284,641.251418878005,22.279576821919424,0,1
22,65333.36398737445,593.6528405927103,5.716918768557331,1,1
45,52872.97562505869,677.7339580268925,21.297089944721236,1,1
23,37241.72235921251,523.4150497307811,0.0,1,0
28,44281.794872936945,678.2405804009903,4.633452250776097,1,1
53,46074.42398482659,595.9802145873622,31.216099668293314,0,1
55,67436.9474100417,614.9729736915696,37.24706161948693,1,1
26,54590.0209884086,680.6951238696016,1.224755508305238,1,1
59,45157.060676673354,655.5144409506433,34.28406161865777,1,1
43,44006.60671409161,723.7744637984517,24.88173371112695,1,0
45,53956.32686618161,582.1347545907807,19.874324646113383,1,1
39,63349.813433256495,644.3506043448011,17.463049675824927,0,0
25,78865.28958662675,712.2141181907806,3.5240464495929635,1,1
31,51913.47102955499,675.2839820625979,10.652738609028887,1,0
32,54328.85228856103,679.7915977423958,8.750455368852199,1,1
30,31790.874407639254,727.5630000868264,6.2190168399763115,0,1
28,84087.888536492,621.5630285791331,8.004683325256877,1,1
44,28984.95742765874,606.8218386014411,20.31201244049064,0,1
48,72574.93467670826,690.3133105852635,22.920092429642477,1,0
56,49519.96070481294,639.5397959792238,38.683399963555054,1,0
57,46009.50259239521,728.5542497388401,37.464286144137546,1,1
41,38349.946421711094,675.8841405980539,25.302507187296023,1,1
28,91150.729741107,606.3654523796816,9.351902953650837,1,1
29,58322.374349175916,673.6868818767799,4.195569045105505,1,1
35,55319.20655656095,586.8110235044227,14.289107720179988,1,0
38,63300.98539331814,716.284992784994,13.953115235845262,0,1
40,45237.50911555055,552.1993385416293,14.045171209845149,1,1
26,55027.68932846509,735.544569193733,3.6584018207900497,1,1
32,50845.044302181814,672.4613557829204,13.944598625897363,0,1
22,47317.814014778,638.4807321264128,1.8247381323625211,1,1
27,72994.57118778871,703.4333905653714,1.827317606223687,1,0
36,46720.183827561435,685.7928650913649,13.55297527436179,0,0
23,31703.01919946756,743.1267179960643,1.5714002439740602,1,1
23,50477.53954718689,742.4743216847427,0.0,1,1
47,58737.68007570846,674.66033109164,28.139517095745838,1,1
58,41597.60149168588,588.9760518370896,36.313794921223746,1,1
53,42781.07810244342,612.0943699687631,27.82821541720383,1,0
48,46806.11442810939,644.9847179931846,22.658479218776797,1,0
21,68318.5349010044,725.7205186076566,3.3019918347648325,0,0
28,47692.62966031441,618.0529477063767,5.857560903562843,1,0
57,76436.75527826547,623.8941635698905,39.571056086869234,1,1
52,45775.74342777496,779.3845440487198,35.71646643970814,1,0
57,59875.21204384813,642.6991042035592,39.067344818567776,1,0
24,48306.359886703736,605.5687676813376,1.3997047601475274,1,0
50,66311.24755435708,704.3652219875903,21.50645864129816,1,1
26,38225.88768152081,646.070600192829,5.9389889136044856,1,0
39,66142.89219365848,552.7280585596504,24.274729109335645,1,0
52,51708.04100464526,722.8639857965162,30.893829765478525,0,0
29,45400.12274833826,597.7072475510507,2.0305534436025585,1,1
32,47506.67772934774,653.0509918872704,8.975364510709648,0,1
31,78007.82411548262,645.2302620348851,9.448800175699585,1,0
36,52067.66757321175,666.1070821428905,11.706034297740608,0,0
21,44459.07976131042,496.62481492047345,0.0,1,0
41,36929.60075757831,626.5430364840536,19.706447689354626,1,0
50,62581.06410146496,728.7385942080991,26.64537126092712,1,1
33,57937.67870516028,738.5811863924158,17.31807498269975,1,1
54,65425.310426323354,580.6096732851776,33.30310046394839,1,1
24,33066.62890465237,714.441876989827,4.408736690695175,1,0
48,37416.0932066275,596.6999171902091,26.642741569511823,1,1
58,72203.18798877849,623.7827418428901,37.28119990952156,1,1
51,59970.12470169011,627.4610943478524,25.043102134913568,1,1
47,63001.01276856343,657.6162596793786,22.879501084336134,1,0
25,40559.694518380704,720.0956519403603,7.265844103958056,1,1
45,40285.19202506622,668.5209175220377,24.62838590919059,1,0
23,69868.87987288133,641.1707767773308,0.804479246352459,1,0
53,65575.66482147723,717.711786312675,33.45851372439762,0,1
24,38675.20769456419,593.81370268364,4.51758572952178,1,1
45,35809.442562207325,644.5947789572435,29.97268389883262,1,1
40,53371.10543931334,719.704685986427,19.48919903165673,1,1
54,38009.77319935991,687.0514348253402,29.8124772734691,0,1
46,42697.34681430962,617.3587215788561,24.652910551252997,1,0
25,36229.326303589114,544.0930263379813,5.82269688136413,1,1
55,47973.4922757945,671.7600733556368,36.986977034286106,1,1
48,37679.57886050701,539.4927358667908,22.154904383616362,1,1
49,38568.98645486145,635.1249044716185,28.76112015847544,1,1
29,54475.877698494565,732.5263879465667,5.308235217505651,0,1
58,49172.026485689355,691.7731052411294,35.30010422614167,0,1
26,62273.18022298197,508.3442215391483,7.5375188727301765,1,0
39,30264.498469760405,664.0316053038222,20.238745618295695,1,0
31,50148.20914744645,627.6581059778184,7.9655426164073235,0,0
22,86134.56313248757,560.8397819492185,0.5264739368797504,1,0
29,49415.91273571601,673.4514907061472,6.39175461463744,1,1
41,67371.23509858447,615.5783505846491,28.6751089698703,1,1
44,67240.10273161635,616.0126172952351,23.835074499336088,1,1
54,67977.97912001912,658.6831582898704,30.48155522618163,1,1
42,57499.92530585984,606.1880828368961,24.96650143866338,1,0
23,58491.289741163215,656.7015083706594,6.072384097049897,0,0
32,60485.20430019508,608.4672577259046,16.375012131570603,0,0
48,64531.690424715365,612.307697756422,33.26398104753028,1,1
50,38238.72739729906,719.505083850687,31.123144648598387,1,1
46,24389.232761840198,726.6270145466194,23.950444768665616,0,1
41,26696.246848777893,530.3942027000162,19.39214969718704,0,0
48,50947.60011426004,702.2950990692586,26.12377409518037,1,1
46,58908.90101633967,747.9013703238275,23.78873389846292,0,1
53,33433.830837326226,759.0163772182503,35.71981042186577,0,0
41,68859.55687876606,686.4265808119583,20.002162720807927,1,1
55,47465.872382381705,575.9821499579272,36.91426559444862,1,0
54,47608.67183208882,694.0986588243275,35.029549664342966,1,1
38,42458.395061806,589.1523351348858,13.704035110633749,1,0
31,26728.204614755894,625.9924383690342,4.8484699904131485,1,0
43,53439.7119265197,676.8157509931373,18.290011099944806,0,1
42,80690.01569257854,593.6668457366883,19.719880896807634,1,1
37,54060.03214701155,569.7519785297551,16.402984300803624,1,1
25,27240.525374577213,682.6041322943577,2.0550990179668465,1,1
31,66705.14217424669,780.7056943018621,12.109195440223305,1,1
50,25628.030148455164,737.0264031335624,27.41694441674912,0,1
35,36864.484045162215,699.5030329535066,14.770872314551834,1,1
47,51424.927415296435,718.5429804912814,26.35274504198566,1,1
55,56842.65157810297,694.6403648027341,39.203299275362156,1,1
53,39870.039982497576,681.4930160586575,29.07427722469918,1,1
40,50840.25915151029,712.9032487719053,25.625257273464115,1,1
36,65727.43601141026,554.2145835562185,13.216950441781186,1,0
54,67782.68327212028,663.963970961004,28.97982932891757,1,1
22,73771.84632721396,644.3336255629309,0.3492550287203866,1,1
55,83641.2797844024,655.5231981801195,43.72041744591042,1,1
48,67148.33982491675,617.7039449677247,29.685615705055874,1,1
59,46748.95228393639,686.4341491341962,39.808892310323785,0,1
26,67889.70686684459,592.7450393218675,7.385560584924561,1,0
29,62000.74351007773,612.6301549425576,5.691219606493078,1,1
40,62595.504662893814,604.2284060443529,19.97813312909758,1,1
21,57658.28177607528,710.4762646088908,0.007506900951367898,1,1
28,41319.188467691405,649.1793547753565,12.427200245933228,1,1
43,39578.55388267105,617.7417362142266,21.673936850240043,1,1
23,48543.22698387286,623.8599213488674,0.8651703662677748,0,0
24,57233.65113769558,650.2716431676284,0.0,1,1
45,44808.38615602431,763.5522443208897,24.420043460626847,1,1
58,61350.12922912863,563.4435764557329,37.878855500556504,1,1
35,81211.48856058784,697.285699837585,10.395235435578446,0,0
41,28835.039210826137,683.0303636621705,21.35949081218173,1,1
55,63733.66716345641,588.1924221087257,34.69953857138457,1,1
34,54010.38068663784,752.681130310828,16.040337279651293,1,1
56,61759.83333001982,687.7496315616473,38.63710435370571,1,1
32,48539.27949309563,614.458668773917,11.282837880842838,1,1
37,47809.10172429249,519.8410671837618,12.890905347603713,0,0
59,56942.506765121485,666.0402784149379,35.50813525836607,1,0
29,50475.49174697109,646.8678090670812,13.286382989237273,1,0
55,32191.88023945152,577.8500948113717,34.49646817936768,1,1
33,51491.2745403332,576.9469912905054,17.238461338653174,1,0
35,33753.49557705709,710.7956906983653,15.495814455461689,1,0
38,64797.896658704645,513.1013564875303,19.261206911535346,1,0
53,27016.823483828164,671.9997928551126,34.81617084871448,1,0
26,70429.81569183835,636.8794117282397,1.33058355677173,1,1
47,61443.44500305219,684.8008379847407,26.92085225033758,1,1
43,61500.82923600842,629.3986493097859,18.289003295913812,1,1
47,22535.351982282406,670.529247568222,25.145262956367606,1,1
54,50071.00842862666,598.0057608829903,34.92050890836915,1,1
58,72303.4514298979,646.5556558678642,33.92399832840264,1,1
34,47220.88031454558,684.235871470552,14.678011973583015,1,0
56,33829.06775054429,660.5610309892829,30.504893043602493,0,0
28,40449.94857491432,676.6214789681081,10.429959471884706,0,1
55,53975.83566040993,585.0455090383847,32.00668845368396,1,0
39,42229.44324530783,608.6527806680604,14.918647727343648,1,0
50,73507.2584813394,609.8662112548839,24.69393225202676,1,1
34,54029.98705014411,630.6457171089273,11.261938501487023,1,1
40,46666.45978078108,745.100800873248,13.2771645791296,1,1
45,35479.84709746631,625.207487112501,22.35480258267501,1,0
44,62266.699079184065,569.950837816415,26.298461075999242,1,1
34,61924.994420670446,687.9151981495414,12.433865200780499,1,0
46,43116.86640722962,744.2650402004138,21.467444152280077,1,1
58,21455.06457528782,561.7151703703383,37.67878994970643,1,1
43,61161.432843638264,788.0967528302663,22.41368732762472,1,1
42,52197.94913108496,679.062362162615,26.86982988775715,1,1
39,60041.06751888504,722.3723552347874,20.37216305562122,1,1
23,84357.61800459458,752.6950144530321,2.916794381518535,1,1
39,54597.5223443641,718.083234989542,20.71519964507864,1,1
29,47292.420747358425,642.2625082094622,7.5968567954598125,1,0
48,37790.170485274895,735.2388700933991,26.7737604572814,1,1
40,50313.673127574264,667.8219838909644,23.976820910294695,1,1
27,57408.66024423462,726.3339307435348,1.0932629195512558,1,1
34,55799.6113089814,733.9912838646478,15.903836539422818,1,0
29,80851.98010100654,573.6372387019062,7.6676255729366725,1,1
39,57486.28348198914,705.6010792383904,17.125531736239942,0,0
34,47977.98692739185,637.2675657040639,11.341312198918862,0,1
58,44401.59131749791,659.6733445748811,37.46102206169257,1,1
56,59000.091456749804,658.8964924189959,34.869411600486,1,0
37,41394.87762426011,656.087915230275,14.755892839819099,1,1
50,57697.4661930686,756.6467718560327,26.892026764650048,1,1
29,57311.208903572646,554.3486661174156,2.284008642647194,0,0
53,51753.21665842829,529.435965019115,29.82858876694499,1,0
45,45545.703339022875,514.6696949834098,22.463114561217083,1,0
34,22220.547289976414,724.840098475514,13.453693216500525,1,1
31,72157.55089630587,595.8593755692638,15.889257654044513,1,1
55,61049.50585367922,659.253052866042,32.15213141945974,1,0
34,61414.25922377173,641.9698013112794,9.92880743875849,1,0
50,31579.714963340502,587.9537401552014,26.856511726090705,1,0
24,70697.58049610085,709.6034066288989,3.4600343028063447,0,1
24,43021.7470007288,641.0775922247831,4.765906379388818,0,1
48,50668.07045950771,633.3585446073131,29.18503563920863,1,1
28,38960.69716871762,666.3009915418176,9.4831239947028,1,1
22,28195.814029902278,700.4540459386752,3.907691762835924,1,0
42,72360.1946758535,582.8716629525886,20.163349087580492,1,0
36,74298.96054096437,711.10428431333,21.159420551223622,1,1
49,52517.07772970009,751.4897463841345,26.935694436523708,1,1
50,44809.23145290474,550.1714341867176,29.328021729022726,1,0
32,49344.33746298613,669.4809285389482,14.887481215318076,1,1
55,49755.775149466754,628.6554451349871,35.6992750839633,1,0
31,37002.104167306024,698.9461406504098,3.2774597679317843,1,0
41,45616.17176834239,564.8338551231204,20.01690749089056,0,0
41,57296.52989401488,764.0256757950503,22.58589426825946,1,0
25,70272.35871473128,537.4473635499652,0.0,1,0
40,50213.66246020568,632.9003342156426,21.25207838538696,0,0
57,31354.72436650846,680.4007253196752,37.17046182004036,1,1
23,55303.21794798015,601.9564207145622,5.551761451554119,0,1
53,51161.0415749537,590.9618916080074,29.924206032984078,1,1
29,75556.145409758,665.5564945641366,10.987680246767734,1,1
29,76441.86703066011,655.4431943993757,8.478824742202494,1,0
24,76966.8146840095,650.4156718590605,8.298150912156864,1,1
55,46576.18096940081,710.1081958025939,42.35814981343998,1,1
37,84847.82610006336,622.3869114600385,20.614991317157656,1,1
54,60264.137573435604,672.3714854856503,34.44155603432468,1,0
44,79395.7060850295,614.537803420693,29.963011988185414,1,1
52,42460.70579252361,590.5469359919414,32.81043412500395,0,0
21,45521.0489358556,630.0668960056987,0.0,0,1
28,59110.41029008128,615.0864368964458,6.882180079145274,1,1
43,57278.1641442091,618.5837339186053,24.285016558885005,1,0
32,73822.17915203754,731.5729192461513,13.477862466860191,1,1
32,51518.06022177319,632.2127582175112,7.624205330577022,1,1
35,67469.22485465535,603.5965329404095,10.719403140620983,0,1
39,65983.5176069898,651.9655141833593,16.976070461370455,1,1
46,51799.11672089277,657.2959557389885,26.60363084036857,1,1
49,64820.1492622347,566.918313928415,29.98768764963976,1,0
42,47901.02429750427,629.1115609653309,21.423915372314433,1,0
41,90253.08700008583,626.2920973130982,17.496713799447058,1,1
58,10035.015183883297,637.9499008404068,42.21082882905791,0,1
40,65094.14806742559,700.786986112659,15.78382581447088,1,1
49,28531.061360844295,659.5670309814018,31.907022234561286,1,1
24,51615.14945172897,735.9556143169732,5.216469850351096,1,0
27,48715.87865793131,649.1837750877829,9.840996911615186,0,0
48,72614.50338370526,774.3261096266045,25.666700121231248,0,1
48,44617.716818846646,617.7457490387843,26.572037405732388,1,0
24,74620.17873492667,596.1306333184413,3.1651276718431305,1,1
42,37317.75039662805,688.3111872343882,19.570806718195456,1,0
32,75200.04585632299,745.4857356225513,11.675775360485295,1,1
23,42884.81837144791,553.4837686790341,6.737268368213623,0,0
42,56101.51778861678,636.2106546249979,17.10949845849608,1,1
22,49954.32005334394,607.245263843989,0.0,1,0
44,74235.45211173405,659.9995709094455,20.70276404388123,1,1
54,71316.09764850621,650.7012546449583,32.71674521359186,1,1
47,61652.525808767874,744.1766873339404,25.59342119306339,1,0
21,37721.97423119839,642.4116644987652,2.3169437533221178,1,0
28,44274.67197954636,746.234886927916,7.101169308764125,1,1
43,39571.35211740812,627.942976478692,22.908649830157906,1,1
58,21277.856698117546,714.8537312573651,38.195344136536,1,1
26,73919.7715277507,666.0064119695703,5.736212183617434,1,0
42,50082.64710485955,771.0919779078412,23.109939184372777,1,0
45,49922.59053561554,546.60895960299,23.633029853601766,1,1
38,77441.5335013834,568.5299597568123,21.939105188224993,1,0
37,47860.17096420449,778.2135599260871,23.62485954015638,1,1
32,42392.93596471104,598.6714434559552,13.11869292430121,1,1
26,51628.81569227523,603.1137649346897,5.683973491127183,1,1
46,38009.96422184656,588.6993490150102,26.873746927951732,1,1
47,55165.336539319345,730.3912169573607,22.69690074234907,0,1
28,49395.068826037445,562.2579670742413,7.540316402396245,1,1
39,47390.92884109281,651.5715288594363,15.806026179154173,1,0
21,46091.452419695466,631.4064724753623,1.5299307517209901,1,1
49,53406.67759236983,722.5560908453105,25.82092207606856,1,1
55,56252.216882797766,610.5422136367848,32.96566766392331,1,1
34,47200.373673887174,679.0690805379292,7.384087283430842,1,1
55,49618.5109585728,568.0148678635911,30.480262930156997,1,1
40,53777.15759770977,809.1758727074041,20.06462140880814,1,1
33,52263.72796690692,633.2285372742404,9.393461765044709,1,1
58,55466.13950312521,650.6134439419757,40.19132195135673,1,1
28,44849.93795127979,765.832805119538,4.138332734760063,1,1
40,70068.89363689735,608.9329057986354,20.359763503857312,1,1
53,56452.42266114276,766.7167640057031,29.714373113084726,1,1
46,47442.29870762684,621.1970178103428,26.15640932510058,1,0
59,60165.763260678024,697.0188728674882,33.395638012714585,1,1
41,53884.47101771928,609.9122851888491,18.640451073111326,1,1
29,28992.60468274498,555.0774488398686,5.461360144136795,1,0
44,55114.290353324395,679.0216045378431,25.64969772592694,0,1
57,39707.40696423719,694.7932380688472,37.38678739336261,1,1
37,69016.41674846961,557.8879980371632,12.302271836153553,1,1
44,51373.755416598295,628.5059176763901,22.390457790137358,1,1
41,66701.05446086595,734.0531273075835,17.683046471831496,1,0
59,45546.721702035895,692.0083265557627,40.85077158160563,1,1
59,56048.9390071096,622.3349498751164,41.81457244296182,1,1
33,68153.65250760314,608.1732008855881,7.67506456046756,0,0
31,50964.75180377766,786.3771027594344,12.480108923144442,1,0
39,41137.743518962925,548.7147551137999,15.530111792226872,0,1
31,64825.60920672684,645.8560997913978,9.241249681842042,1,1
33,64534.92395126441,547.4712188414239,12.09676268718287,1,0
21,46768.76299877772,742.0370251390997,5.449818490666418,1,1
39,20218.084693733566,649.5013471454164,14.988450818907344,0,1
32,45849.65533752466,662.4721859338605,13.504249167929906,1,0
28,60160.39282529633,843.8224616739326,3.4854867754911467,0,1
28,43374.48715864414,608.4569126984525,3.278219245477797,1,0
32,54835.93244475707,772.4003139840974,11.085390345257466,1,1
53,40137.725930504836,622.6487659914268,32.06518847296917,0,1
46,26017.492562109255,633.6541279690571,16.50304504459224,1,1
59,44867.78234440109,834.672267963442,41.47878886812649,1,1
48,65096.98031034569,638.7236735916829,20.582657626707444,1,1
25,14446.212799012814,553.7940016993326,3.562187691660095,0,0
28,53782.51025713363,669.7343151688418,10.982846354815916,0,0
45,37208.9615290088,637.9084222383098,30.627551900066038,1,1
47,64126.63104211288,675.6967089213703,24.91085040893426,1,1
43,60714.7840381048,640.6481544670561,17.701152749148736,0,1
50,52420.78097633086,805.0881231343335,32.87164467730388,1,1
43,52454.97761828167,688.9715087185155,24.595469650360787,1,1
40,37904.55954295548,574.7524760591928,17.533023131264574,0,0
38,34816.24899842551,658.7182761416698,15.152787625372381,1,0
38,80471.393595006,594.0259123083073,14.847823509021705,1,1
22,42023.92859243308,632.6600310247933,0.0,1,1
24,73516.94196794709,586.2691502603224,3.9482044272048924,0,0
50,37107.499402997346,797.4982966244215,27.301956251789687,0,1
53,57877.85585506592,601.6030769375245,30.68125917331328,0,0
56,37932.89260519548,698.1295046395896,36.923837058231726,1,1
38,57850.92525353023,627.356440468636,12.552757576823382,0,1
57,45116.189642703175,568.9110779199046,34.87219284025926,0,0
39,50312.257589864945,663.8354512029655,12.972176942702696,1,1
48,59150.34754676676,678.0484285959994,27.325237420058706,0,1
40,47962.87952381353,689.103857292816,13.181783775574377,1,0
53,33577.77256832353,466.44465918213405,34.67003038047929,1,0
32,66419.58345114179,563.5608000431637,7.056087812623984,1,1
35,37811.49115026508,717.0288303315319,8.682264303915638,1,0
59,62747.75926596865,585.3475126173846,36.90916011229515,1,1
22,69594.948179995,664.2060835217078,6.13332187503115,1,0
49,49367.59170471674,561.938271333985,30.133577360264727,1,1
30,72735.29266137676,701.2120771510909,3.233057683638103,1,0
22,62226.75561791926,715.1888717196902,0.0,1,0
31,44562.078697828365,701.2336934320657,8.813198880262878,1,0
33,76021.43503399112,722.2789768647518,18.715059485312587,1,0
30,37874.92267390914,759.4730101429673,6.183137556093396,1,1
34,49349.49355144652,567.8148107873718,10.207344268890417,1,1
38,51905.27794571007,594.7929648194046,21.582288160640545,1,1
29,59078.35551527383,712.8280499212657,8.584721615787128,0,0
59,71731.49946071702,729.1153840286237,41.159000081896224,1,1
48,70791.87335354071,602.7959932499652,24.818701379472106,1,1
23,58356.224793614594,597.9279754272092,1.695092456812842,1,0
40,45795.9634330465,604.3450557048646,22.946895586564732,0,1
26,27610.236375585548,537.6433525169238,4.5654773697926005,1,1
47,30287.812183171754,561.0012172478147,29.36915959257939,0,1
22,81499.83233937154,562.6895148478893,2.1618019013035905,1,1
49,22458.92018746191,629.4131068336056,24.881112764743243,0,0
58,43232.640351368354,668.9585561083768,36.951048362961934,1,1
23,67169.09423075135,680.3430982149661,4.9441519768251005,0,1
36,58145.699487960504,614.4006422707023,17.008248573560657,1,1
50,68920.67606508538,616.1209018603384,28.879241304737516,1,0
22,63142.42526906015,658.6563046605883,0.0,1,0
37,77043.73806041329,545.2789809995401,10.612025555770852,1,1
32,59431.40929847327,717.1608372458162,6.250083231118651,1,1
55,59951.71593727267,739.976969530999,32.46867337970035,0,1
21,39136.302019124894,606.2093553618372,0.0,0,0
35,63794.99463367205,622.1094688455854,9.573765796717932,1,1
46,49058.10853016157,737.0318557391619,28.06753838108805,1,1
57,48203.41198028931,641.3863886307071,32.20869276833837,1,1
41,68420.85271970707,691.177181216614,15.888322873798971,1,1
51,68524.35064089045,643.5386224339459,30.264707261657847,1,1
45,80326.63233619198,758.9415171936192,26.921715359979686,1,1
43,79348.94778229302,684.3055739776047,28.1645638594395,1,1
44,68759.72742038163,688.3359040343435,24.747635163509532,1,1
58,29193.315846449314,689.6414577113511,41.73948915617086,1,1
48,82415.21474424544,611.1420384570602,23.363830044820315,1,0
41,68769.51505999544,617.5732604154225,26.479217781983,1,1
38,43512.09864870546,703.8471947691983,11.415546648333535,1,1
56,60933.63733344173,658.8488980603532,33.48848223833696,0,0
55,39441.01388555908,567.5672294531759,35.68195755873632,1,1
29,64279.45180164613,781.1173097237346,3.1843489529121696,1,0
58,35255.94938388851,718.465030710797,34.218849724224,1,1
50,42876.72386820045,652.6338426691514,25.7422324121311,1,1
54,60648.9369380079,630.8549312740024,32.069336978250796,0,1
52,71093.3011448934,663.9073100271058,35.26474857001802,1,1
23,59881.552891507155,686.22640694102,2.050475198863432,1,1
23,50707.47044968044,507.6899485030967,0.6108081672979473,1,0
48,18277.00557474514,797.8644796640028,18.347026898465394,0,0
35,46864.6835052296,594.7080983583156,15.400265614515737,0,0
43,63002.276152367915,649.866605690787,24.370046226934537,1,1
31,50248.523410965296,652.4406817945402,4.899940696569365,1,0
52,54661.33088358373,789.7795153082196,30.799082920832436,1,1
56,47215.737981231185,643.8313311295313,35.57902457099614,0,1
53,50174.40673267849,761.1955106047541,34.893805271911084,1,1
44,51138.16084939719,678.470922862278,20.82569462526358,0,0
59,50909.58126771309,582.6680596455835,35.37391891674561,1,1
54,76649.34330447913,659.4295227671963,31.630508104594917,1,1
48,21903.71727424401,641.7043894799561,30.85331115833215,1,1
57,46812.36121043384,574.115066056704,39.13153632651801,1,1
27,41946.156647241616,675.0405938630569,5.935964093482759,1,0
24,58286.65900051615,651.5471924894899,6.059329581564865,1,0
57,56157.171788246895,688.9495193820978,28.893926379443524,1,1
21,79332.89652324143,663.534694571882,2.3749626182805765,1,1
21,84267.13072446692,604.4227972090151,0.0,1,0
40,43403.74816644278,703.7833794603221,24.301073483187587,1,1
39,50007.500975504445,606.2921203822494,14.807265864200328,0,1
49,52944.56625386533,433.023063405171,25.441713504299067,0,1
30,38032.79377493996,659.0057063567951,10.687271190393535,0,0
38,59425.73054056434,611.2148390936208,18.97686240434311,0,0
48,51407.38946852583,676.7491353077644,25.661003763698446,1,1
55,38985.47724098533,789.92102151578,35.11421210326909,1,0
51,50806.475436001856,791.9417785203641,31.48613944598546,1,1
47,40034.88140889027,638.4413954444713,27.179343968174102,1,1
31,70549.70244128883,592.1439380127761,8.786335247324812,1,1
58,78523.38882670505,690.9278297342545,38.515633072257074,0,0
25,58672.290608418094,624.0842085693552,8.21911121504948,1,1
28,56669.15152079913,677.424356564286,3.3235345623435206,1,1
54,57286.52150311279,603.7397466441201,30.479819893374582,1,1
32,72733.51043407473,667.5484691215927,11.081766897081739,1,1
58,72410.48505395775,593.1618093394567,33.8313278779959,1,1
21,53265.19647177654,732.8977391222027,0.0,1,1
51,53788.84891068637,608.7015616473171,33.27936892764587,0,1
24,64789.69610765617,696.2771775014478,0.0,1,1
25,37934.688151738985,561.4662901770137,2.7928519074269937,1,0
50,68189.12356130686,704.6821699627484,31.276832959276014,0,1
44,76022.47836840841,582.353115151226,23.800099368506217,0,1
23,67475.48157259186,668.2823764882156,0.8382519020631429,0,0
31,31316.091325781676,721.624068134359,6.707681270395122,0,0
24,25449.993168716886,636.0011971010255,4.031603439443812,1,1
46,65630.78010276897,577.9583162477846,22.03481668459938,1,0
47,43597.1582655687,684.7768754995145,26.797797758954786,1,1
47,59307.000311844786,591.1313020709416,26.422752944704268,1,1
26,78027.23080011323,621.702808056194,5.453098727165407,1,0
35,45145.67235402385,668.5823861647009,12.079043722461753,1,1
50,49336.6801538656,745.2473225275394,35.10502732800437,1,1
57,59150.844588824744,651.8587347659628,37.07461990161112,1,1
57,35537.35540026654,651.6000256891587,35.16387322734106,1,1
57,43632.15705991186,701.6259025535996,36.792811719185416,1,0
55,55372.862556269036,653.5260327671098,31.67661506822707,1,1
43,50493.17696773373,694.4871139883029,20.84108650456628,1,1
26,59126.11630698839,725.4973482244063,12.175759796358552,0,1
24,96489.694216589,627.05839948124,0.6978575806730745,1,1
38,56487.07509127187,420.74925562605813,16.766681899206752,1,0
29,42374.32080942986,592.7451034490174,6.631685450750702,1,0
49,71273.60532136346,734.6077407584712,24.88109817152566,0,0
33,31167.72287019668,647.6364653021642,13.263254970659418,1,1
37,34166.37743456339,626.2608810350471,16.109416529962626,1,0
52,46073.44842028415,731.6749495242245,33.73308192699978,1,1
42,50756.69919220562,642.9072558639073,23.431733760990014,1,1
24,40713.90895224187,503.5226755975591,5.702123157125987,0,0
25,54527.31513365466,544.6288557294159,1.2453898814470188,1,1
57,59121.128541195176,679.3053614571834,37.922882397609285,1,1
33,66034.39302912707,645.3176340883691,13.995814518870283,0,1
54,51367.824107656736,751.8259535180455,29.936811005379433,0,0
42,46570.80628457348,598.6711921337077,20.04415127331828,1,0
43,65219.68079659118,628.3349466597343,17.631663710563096,0,1
23,42734.26786404804,588.0847848857986,4.008867897140853,1,1
54,30510.958814690155,613.5584075623683,34.99506740833192,1,1
52,73089.34026856814,517.5667269122464,35.29108839735507,1,1
41,72127.79867216457,623.0020735164628,19.313604476556964,1,1
41,43115.52411693841,646.3691795361069,21.35440875969139,1,1
31,44013.517192686115,640.4568410274021,12.963205303075926,0,1
59,36246.08682005106,800.4687284612967,35.738325414335925,0,0
24,59899.36326347701,778.3439204023887,0.2821045760469021,1,1
21,75980.73937052123,597.437037032724,0.0,0,0
48,65543.22697892683,506.92443137431826,25.952113595384336,1,1
44,70535.8696387455,643.055975294791,20.38833693306154,1,0
55,67295.92497536517,676.3557096719435,31.96051687011633,1,1
33,54998.212771613595,589.7661148632016,14.642745507099736,1,1
54,66250.10656866974,593.2317056251994,32.710960105517124,0,0
31,61175.458443692,760.7788478518772,10.920095120978308,0,1
56,76591.68572729704,631.9713900198287,33.34784963564427,1,1
37,48106.76588257366,696.3575129987017,14.15090371245298,1,1
55,28928.3254068192,584.8786011501888,34.85666766862119,1,1
38,70678.76522309617,646.0141678892645,17.378186984010217,1,1
42,55246.542809090875,626.4563152455842,23.333960034924207,0,1
44,50559.30849518146,602.7238732837699,26.904778994011977,1,1
39,51397.707815387635,730.8710288065186,15.925763387170786,1,1
57,93320.29488853173,552.778609325689,38.58355361329134,1,1
59,45367.08021198593,671.0039777857903,34.76058149692051,1,1
41,42200.450397605004,625.1414841156651,26.221336048409853,1,1
28,56279.263502400274,679.0377137425112,4.641087840585014,1,1
48,72707.36316959442,626.089635744715,29.07189170927028,1,1
25,89176.02979793842,710.7035143343257,0.7382789837660031,1,0
37,59860.47445084357,584.2208181223493,15.543727341559604,0,0
57,35943.868840308554,731.0287234172719,40.63719942646055,1,1
56,84562.96406076699,647.9838113727905,32.54688754404178,1,1
39,49707.96951384354,557.0048229689413,24.61255850365867,0,1
47,42434.35852157546,697.6150819131976,25.984173208672864,1,1
54,33809.11314350969,636.0805179537645,35.927137613948,0,0
31,67544.93079003184,530.4513451702319,11.20883372051081,1,1
32,58582.44079279621,673.2727658631209,12.3711201967891,1,0
41,60176.13065418776,720.461700069439,15.721658848570687,1,0
31,74297.54678607896,739.7495018252091,8.581441621065862,1,1
59,42967.68112735534,623.5153682180163,41.58792938745111,1,0
48,75492.31942410472,660.1722638728016,25.96703639469001,1,1
25,47212.64015809465,653.5375439955038,4.4164962481534396,1,1
37,87460.11060868535,754.2861842099948,11.357733614892545,1,1
40,63981.085239897104,593.2657992338678,17.38726917699777,1,1
32,36196.42205335434,617.4738383456821,14.369117892894396,0,0
26,19618.728750192808,591.5695783385136,1.1521117042191795,0,1
37,62133.870834185174,548.5594633820979,18.151237110988493,0,0
39,49387.29586014724,667.3451026736458,18.533334415754958,1,1
46,52666.514582172465,762.0908832244311,24.292133541930465,1,1
52,66492.94013761161,636.1060879039458,30.16022637303398,1,0
26,70156.20739375983,588.2672364919806,3.5269109057660377,1,1
56,73355.65511003937,663.0801791562448,33.79408708382911,1,1
58,37377.380374255954,691.2382725140859,39.78922067443347,1,1
31,76388.42124436883,639.0545803794399,8.703868557265677,1,1
53,46314.31995747775,748.2474732367924,37.42277096657692,1,1
44,21156.250978776596,593.1346673998735,23.898597509129637,1,0
43,37323.39479709932,629.9121254441346,20.271214212915183,1,1
35,58270.37638198848,670.7191533390073,16.92009785745684,1,1
47,35317.78630878291,677.5074626832479,27.871687829229728,0,0
31,53679.332962359345,653.3059664608712,5.037470679317024,1,1
37,60073.787312937675,560.5106054349997,12.896585928947387,1,1
34,52279.218953360716,813.6607982944431,12.653739096392762,1,1
47,47584.68493214925,633.482105946773,21.249176196739405,1,1
38,36239.55905517661,657.7187263009259,23.271589705914838,1,1
48,55329.15712322998,693.1732765221086,29.466696546118023,1,1
24,24025.639186228975,605.4446246145329,2.9600014588906145,1,0
27,44710.02937420868,653.9848494609544,4.97188033916021,1,1
55,41083.23836408858,602.5966833642694,32.201009036923004,1,0
29,51409.34722736628,679.0885519031962,2.107903526087271,1,0
28,46800.05301036096,630.6784146011101,1.8013790450631113,0,0
37,69399.35011650619,668.8102969113268,21.70336219380282,1,1
37,78752.15915874399,576.7423857460079,20.720798917697756,1,1
53,33233.31739644545,591.9758496195656,30.27266673522788,0,0
52,84892.48937905044,554.4401526200238,33.723997468547374,1,1
28,43310.566007178524,600.2628944471654,8.519262324991093,1,1
39,57587.90174384635,469.8533029411302,19.872863869946524,1,1
58,62662.944837224764,628.5029856018522,32.724466706497886,1,1
23,86668.7412887376,612.6031809625952,0.0,0,0
25,46865.764933560036,660.5637674537548,7.547783077209667,1,0
33,23048.9298053292,653.1225407104002,6.06210509088951,0,0
51,77355.69205289472,737.9955837936749,29.555419375852455,1,1
36,42499.39661806848,831.6017129341878,13.896893021346639,1,0
52,49576.17129136611,729.6277309205444,29.619547114970775,1,1
42,38233.75519110737,618.2824687437438,21.94335246687197,1,1
49,49619.44340426622,615.4626475203077,25.967222710664647,1,1
42,37394.126956918386,710.8064129649001,22.187206387395143,0,1
23,65146.627247421566,532.1658713799018,2.423466244073585,1,1
30,51211.87444582969,627.9357951685565,15.296197062151276,0,1
41,44784.17259077982,633.32929454693,15.843771824545613,1,1
36,64938.07964988391,690.8892039373168,15.08780695171448,0,1
32,58824.95126011898,692.9706442298547,12.29403529963329,1,1
22,27309.27624333917,597.880762172488,0.23079233340311178,1,1
44,63795.549711264524,620.9939136806371,18.988774676336483,0,1
55,57773.01825778952,681.1572978382894,37.771308341965586,1,1
50,75860.98731387313,594.0755540856865,30.010802990432158,1,1
50,56858.76139513967,734.4282904341998,25.199309861220218,1,1
55,43124.35974148608,692.6422663408168,35.31600388767478,1,1
39,46935.57000047245,662.0056683736391,23.10469821015857,0,0
28,67058.7899632108,677.3658418796643,6.89105219975224,1,0
46,43438.94410448706,617.317656814144,24.993361991588312,1,1
27,48395.548193386625,606.1596004468666,10.704015093129957,1,1
50,51674.67130001399,620.2694448702896,26.08884805474624,1,1
27,37759.42584676191,684.9976684581894,11.182656127862046,1,1
23,43655.148630571384,664.0710486496057,4.918733211104711,1,1
21,57588.252877062856,620.4099878215103,0.0,1,1
56,73037.16621479511,702.4707220315358,32.99519300046765,1,1
45,59757.20477065713,637.8237504364693,22.42556149895313,1,1
57,54312.08110946468,601.4682478087582,30.49930735803873,1,1
21,42530.93839071534,667.8039056508965,0.7814152472126428,1,1
35,71427.40617580348,579.0879341864013,11.36315899025644,1,1
57,61502.58249920264,531.8943375045009,36.88965396429391,1,1
33,44399.053547211406,649.6426797104315,8.12717024902435,1,0
28,68479.7268802735,603.9810344402381,9.769039710683497,1,0
25,63393.65592265701,632.2091953131105,6.212877790391508,1,1
29,42797.04475950646,582.3286957298885,5.882362957819355,1,1
21,53479.326156036994,734.62524977918,1.0789474736463474,1,0
56,47608.40907635595,603.6955079250304,35.24876167792874,1,1
55,94503.06910047407,619.7600435280433,38.44689845845873,1,1
22,62976.17324688488,676.4518287308264,0.0,1,1
43,57801.4308227236,553.6369991174122,21.54310606451756,1,0
29,57089.9458411507,548.4615158725907,6.077949089876681,0,0
54,75687.43882296246,676.666698498539,33.1344545913005,1,1
34,53749.297833423014,618.8536658676481,14.59982080835078,1,0
24,46151.360532013656,586.8953425174091,1.044577865778873,1,1
50,67664.24842146126,692.2361221063125,27.90768133583236,1,1
51,52375.83150998032,593.1654838624405,32.89812239417209,1,0
58,33951.570063792446,630.7841390315753,41.07197398577933,0,1
31,36029.70352365912,587.2708672419241,11.480548105608635,1,1
55,77939.448262593,671.2406030374876,33.58611070377052,1,1
28,56974.66850378927,743.2453334901742,6.300709236888552,1,1
23,46156.48924011398,519.727204946752,3.6443789861818705,1,0
34,51484.97633436904,657.8860382125451,13.683301004214615,1,1
33,67111.67077012527,709.9611909320446,7.053072486326091,1,1
52,50598.91726236932,620.4965576885959,32.71715569692371,1,0
54,33258.70406233873,570.8270337992881,30.41829063173231,1,1
39,59887.61278221887,679.4674468989183,13.749190774573044,1,1
58,73125.21726360345,720.1157452363971,31.99496533567382,1,1
36,72121.96476958376,712.3365524351829,14.351686886450043,1,1
22,46610.05092794132,675.6136536540379,0.0,1,1
37,74037.5898468757,656.853961632605,9.020915320782407,1,1
54,58194.24960507434,587.069121123099,31.924633479489568,1,1
36,73617.21015818091,710.567146524076,13.528287495342402,1,1
58,63605.30545003831,706.6969769346755,36.55029665602486,1,1
22,27176.047360509958,570.3359176941314,0.0,0,0
22,81201.08406262519,675.5135809492543,6.487988990581835,1,1
46,55776.7577679843,695.697671286385,26.55201188405092,1,1
33,63651.907358707256,711.7479640452855,10.501160029135567,1,1
51,34839.330572922336,644.7507266610945,29.809119487657913,1,0
54,62579.89750117098,589.9702698097699,37.243928002486044,1,0
59,71543.91599113989,614.8518674095169,40.86986843520647,1,1
23,79029.80504897606,579.4925099080826,0.0,0,0
28,76005.99692192924,646.4257534419512,4.077128317520112,1,1
43,63313.37055919059,632.7180222401917,19.654459377929978,1,1
34,31834.339699774206,800.1525494538096,11.680900147192574,1,0
47,51984.09185746132,712.6273999706692,24.21373039137187,0,1
49,46112.35652180605,717.8683646822368,28.102027764583234,1,0
59,53524.668122243704,682.994674357941,40.20716393305666,0,0
59,36755.112508073515,624.2877647332037,40.70798086814746,1,1
21,46847.49638312148,630.7227028827348,0.0,0,1
37,47242.25374290897,637.1291490128366,11.095919443736811,1,1
50,41777.5046604613,663.1763290890793,25.878770174384776,0,1
33,46926.457210132685,677.2418867156414,10.44067563110991,1,1
41,47962.179254176335,650.0496039376366,16.264896622245928,0,1
39,59292.92138572033,629.6581065859807,21.42257696010484,1,1
39,17522.59618192824,608.411905865841,14.461376824257815,1,1
45,19353.50715493205,552.5145869551723,25.851189134205608,1,0
42,49919.62990117187,739.8365415532655,15.954358934932387,1,1
51,52033.46432941579,804.387069778579,31.971603303888163,1,1
37,57836.66824905911,733.9535746649776,15.582193879997243,1,0
43,44084.91467715664,561.8654061848478,26.537592106907653,1,1
52,55141.977910340225,705.0911598748625,27.60531218036101,1,1
30,51897.84807527083,721.6643411134571,7.3076555981652165,0,0
30,43981.62854701793,621.7593610965049,7.888702195768682,1,1
56,65201.83732611651,684.2249067747321,34.54249978954906,0,1
28,57654.79467182591,618.0587877234167,5.962057507292528,1,1
40,63204.41643194936,757.0250296369618,18.01996430227304,1,1
52,56032.68596925779,675.575964555072,29.97081236984301,1,1
34,86555.0965459258,585.7991156040266,6.786460352258601,1,1
48,63945.95603676481,696.8865668606537,29.980003504823305,1,1
44,47680.10025689162,724.1146471443174,31.58340970290105,1,0
35,67314.503265526,663.8692155795113,14.894813313802963,1,1
42,30435.92623814992,683.5609184220287,17.59274745642512,1,1
50,51794.003940006565,645.1172599539841,25.896384107455138,0,0
24,54787.40435137985,570.6003682797636,4.839522005674704,0,0
33,56965.311431180475,639.3786369105644,13.15640842754473,1,0
43,49993.31693741669,686.6127743074491,21.147129668339986,1,0
28,39815.89964744477,641.0381192411734,9.260213112637556,1,0
38,43159.79481923556,706.0535798717714,10.808344859736525,1,1
32,56531.123743710756,622.5472907161691,13.262186381693372,1,1
51,38297.211513580114,627.1386420784421,30.71328349378468,1,0
34,81552.51423470909,708.1783998595733,10.012156027650303,1,0
54,10386.534809844408,665.5296761762131,28.700028214857944,0,0
38,50148.43198683094,621.1794893191086,17.363981848236882,1,0
54,56655.84458661546,722.3663763206036,37.22171441030329,1,1
31,62611.313917499334,601.788499743463,9.315720304008897,1,1
32,41261.129091063594,599.1135728687856,8.441944951301481,1,1
35,72014.42190832319,451.9385832255148,14.573864780408758,1,0
51,29092.534342806157,611.2222015995787,35.46261543037042,0,0
49,46508.071170886484,741.6101675245598,29.293899439191147,1,1
46,59311.21332919136,504.93951196792926,26.618205964628224,0,1
38,70602.82847189129,583.3655901839547,20.668395907911666,1,1
52,33939.98055428354,680.7347989123119,32.417672198151465,1,1
42,94675.55185622738,492.85932582750905,18.657090878519536,1,1
58,41537.626552491856,614.2510970543165,31.766305144305893,1,1
37,30317.26283708326,729.8604250927523,13.235040640665213,0,1
43,57540.72337659886,793.0118061294293,18.685821084706976,0,0
44,49775.598196278144,670.3172595966922,24.977924358533983,1,1
28,47559.215311903834,585.1473087231218,9.395044154047323,1,0
26,63934.660863545796,582.7909882946202,5.526716185146464,1,1
25,27090.56464358286,660.1435578531633,0.1939240694704809,0,0
49,29467.984000379467,669.667432481557,33.35979107178009,1,1
48,46038.64952285158,780.0550132040775,25.751369358481234,1,1
31,71168.52609179988,717.9563396776042,11.81044303090461,1,1
21,46689.17059880825,655.8874541521943,0.14797451009867763,1,1
39,78987.35026792921,626.5354922718407,18.625990449749743,1,1
29,73015.22141757836,861.0298196511546,9.704552010021192,1,1
47,54244.19276761227,693.8616359997127,23.911939515197144,0,1
54,60095.85789062135,603.1873800495719,36.9162072787955,1,1
24,59230.03937525283,634.2763953485966,0.0,1,0
56,52395.7659302315,588.578168199783,31.88433108189235,0,0
38,49506.37453782731,481.6815331904727,20.877288123011247,1,1
35,46247.18250189256,671.8855693845126,15.770014283313413,0,0
33,38950.59765111127,774.7717951590121,19.6211732930443,1,0
39,21849.3581606473,535.8609958426887,18.205051330959392,1,0
26,66561.05913923075,653.8683817115312,10.101287889377279,0,1
32,57358.876551779475,600.5166654603682,5.427563652009789,1,0
57,55093.170334326795,686.5051767898897,31.759455080408415,1,1
37,60976.736842868195,637.9368890292803,18.68657661225092,1,0
43,42574.03817809527,554.7961741907679,16.778896523156543,1,0
46,39984.06679923351,581.3227400235185,24.40789717897153,1,0
49,50744.72959482771,591.8789627611054,31.501627250941475,1,0
53,70521.4772264572,744.1022745591046,33.503513793466006,0,1
47,37468.88457260311,740.5281493851105,26.03328566095874,1,1
45,15594.01964787751,628.2056479021112,22.652677593512053,1,0
30,47178.98362271871,735.9462403415943,9.606677623775894,1,1
43,72140.49874352774,637.8771312422679,23.73174511712659,1,0
41,29011.839634684693,627.1336069084869,18.01731698904145,1,0
41,32295.745942656926,653.9982488385823,21.11520808403614,0,1
33,58953.20110867253,669.9377695036545,15.235292232596132,1,1
57,93548.60553213002,611.11886449945,35.33256560010042,1,1
53,34626.82497210707,651.5306019527555,32.204368550421954,1,1
44,34045.98862798061,705.1125753952566,24.451336502008335,1,1
31,60080.47553258778,659.0677747444233,11.654002648269232,1,1
37,73070.11659990557,652.9948031487024,18.63536071899532,1,1
24,40638.51931511435,684.5926149996557,0.0,0,1
45,30679.087658167464,696.6694242601027,22.41323249284407,1,1
50,61506.23831329519,645.6168926970954,27.524363923851038,1,1
29,64222.6209595446,616.8073260045296,5.28826350451197,1,0
41,81679.82689807372,663.2442312431965,14.604758235926557,1,1
40,64854.206684864184,538.4225389123691,9.236563176106877,1,1
39,67420.99114558569,635.2774603147302,21.58635813525894,1,0
39,51067.82284198141,476.99080641800174,13.338320986657372,1,1
32,91622.56513254202,532.694575159445,15.699527380117726,1,1
57,49027.86984117295,522.1669905408303,38.218228465849386,1,0
37,45821.16817882345,723.3146219717136,14.782934860581241,1,1
57,77142.7237777791,650.9787271178527,37.8492663144442,0,0
59,27886.44081656885,561.6565683748565,39.27539974014117,0,0
48,27288.874232081274,684.3746230411749,23.69467691118068,1,1
55,51793.35386897727,719.2058135556563,33.955066679111106,0,0
38,54973.95215086457,685.5939889303162,14.060483682375523,1,1
34,51581.680276740066,636.790291005519,14.962384006513277,1,0
55,69908.94635682477,666.2740632893557,31.854337144601836,1,1
27,41376.90726567144,713.1047573199912,5.710111391409983,1,0
33,55962.506884370116,617.1527913636141,11.58060324296775,1,0
38,44598.4107104272,652.0906846280478,17.364737001618145,0,0
57,41631.72249839874,631.9964868775498,40.987665243342065,1,1
33,54072.39874058975,537.060890314326,11.277118251432245,1,1
56,67788.93704942655,714.1597726451012,38.65378142592355,1,1
51,81808.52180645752,794.0090305495808,31.439990983005114,0,0
22,63691.28474348454,588.8343765131167,5.255207638109748,1,1
36,17337.47497897823,717.3876164420409,13.984692645555542,1,0
29,54427.89871837527,591.0604354166879,10.088408725908705,1,1
29,55747.04186354249,659.2951470553945,7.8221959321989765,1,1
58,64043.13514369925,755.5608591652843,28.031820936510357,0,0
31,52772.15453734608,613.5692710225522,6.730469244938574,0,0
42,73796.33375953115,648.9719509925688,22.747130837858254,1,1
53,55875.05923422908,523.8947902444346,33.548794748839995,0,0
56,78381.97104246833,603.5056959237638,31.11506783409523,1,1
43,43418.8111992756,516.5609374599505,22.66110264651401,0,0
54,57165.15200945041,680.0424683912499,34.509780679576515,1,1
29,67399.62303084845,708.2146291266104,7.8960032907871796,1,1
44,46417.08894559835,634.4855579400437,25.186455912978907,1,1
28,43149.80796878386,670.0120877079754,8.777665923786307,1,0
27,45559.718504699726,627.1988681324686,5.894569261785877,1,1
56,43761.76574366617,701.8381756112105,33.467525543407646,1,0
38,62838.42881312991,659.0623354587639,20.12762477627753,1,0
23,27477.879555481664,511.00356509375086,3.389486293636464,1,1
48,31660.449605231395,715.7986572664975,22.855702042409106,1,1
26,82941.19738535894,622.7320043791792,5.662692968244162,1,1
41,39123.54918538734,561.0734370154116,16.546925871626797,0,0
48,58000.22276757622,619.2746219359198,24.106296202712475,1,0
21,32662.803731513075,516.8551246017493,0.0,1,0
56,56411.86401683914,562.507748213267,35.13461970697911,1,1
41,39214.89998477894,660.0064727080772,21.123456732773857,0,0
55,31553.657527593787,665.8698180438396,32.773174332276184,1,1
33,75053.8065634707,671.4507183978618,10.904452151118797,1,1
30,67738.48590591307,650.2246907434449,7.490269034094957,0,0
30,48389.678139289754,601.4994413569592,12.142540911262886,0,0
33,69991.28549016867,646.1878602377604,3.441169489201041,1,1
57,83549.3903159074,619.395478713648,35.07396777097565,1,1
58,66311.13899737134,536.1952881347371,41.6349543861471,1,1
44,57195.19609264945,595.9309506292589,24.55169015083216,0,0
22,57984.24544724965,712.2678861818317,4.800541721701374,1,1
42,64742.46047288859,761.1805906438461,14.89725342146723,1,1
37,44541.209097655454,695.5892530883082,12.273252305592631,0,1
56,50850.4619625783,758.058843269469,36.5421444220594,1,0
34,61763.370628187724,655.977202709447,17.651891779773003,1,1
30,47892.02694760707,771.9663259291777,5.576291349465817,1,1
55,49513.004908097464,793.8141908230007,32.836714651880435,1,0
45,55002.7999695246,528.6571351374669,25.204392425600986,1,0
23,72259.11325889603,665.5045314992983,0.0,1,1
58,38010.04369660529,656.0501132361279,38.56507377874295,1,1
37,66387.67754057891,620.312732909113,7.97294605289129,1,0
32,61876.946192052055,684.434087670597,12.476718393394565,0,1
44,66787.18013945213,652.8787548049314,20.014745096336473,1,0
49,37898.80429685766,598.518575572557,26.657208428450758,0,1
45,29609.775767335945,648.1376426474113,25.9556518438109,1,0
56,58395.50708617133,734.3216205557873,36.34175646647675,0,1
46,57813.08176620943,662.7776667817873,24.976056386944887,1,1
58,70065.64952144699,693.8868323779293,39.90712165490605,1,1
21,44491.947579856926,630.6062829804636,0.0,1,0
40,61401.775643845416,681.644480710613,19.61324311450424,0,1
48,70816.18168329117,565.3549828661774,24.629489607424553,1,1
36,53570.35418425974,615.0195650406146,17.754094406039957,1,1
37,61253.94254897225,642.8131974003851,18.061201208908358,1,1
48,55729.49686286142,560.6564855561423,29.170044656592015,0,0
32,42677.957064555245,591.8848296775409,15.936145498121403,1,0
47,62966.44903426911,671.9178238001724,29.37904259730493,1,1
50,79337.4751135152,659.0882341401623,28.527735998679766,1,0
54,50333.059018139546,706.4455797260396,32.996196439537506,0,1
57,33086.12592022514,607.9642287270385,37.80281514213518,1,1
26,44691.602036289856,654.0321558203669,5.408524024243488,1,1
27,28308.558267225588,602.969281238132,8.115519965729153,1,0
52,74353.91693569097,699.4289984376528,24.309038725680914,1,0
52,66461.57944492143,733.3522281217673,36.64241055637995,1,1
45,47479.460924982726,683.8327379076961,24.183085750668962,1,1
53,33729.101170465954,724.2835993393608,27.13260400732232,1,1
27,42500.575626362646,652.2749904021504,3.258619945249436,1,0
32,45425.84551454279,706.3915684496624,4.612018846492332,1,1
36,56641.11398530088,655.2792419828722,11.729294759442748,1,1
36,56136.3901479757,578.2550353389962,14.573254714080642,1,1
56,75121.47963060554,667.2704972089025,39.544143837483205,1,1
33,44608.67713452936,580.3292314346643,13.232023756259402,1,1
27,32377.18218469107,813.7390266098237,6.6985818358937275,1,0
56,37645.322872865625,626.6138288857265,31.594686436352866,1,1
29,54654.62718330249,695.1526498814299,5.526544083039466,1,1
52,44069.828995813135,649.1310746332084,28.759216919883414,1,1
31,50619.871817304615,563.6470603174866,7.881614163441684,1,1
28,43189.496295208344,517.10338789548,5.945389371254186,0,0
